10200	ACA	AA	frameshift_variant	HIGH	nnrD_2	PROKKA_00008
10213	TTAA	TA	frameshift_variant	HIGH	nnrD_2	PROKKA_00008
10218	ATC	AC	frameshift_variant	HIGH	nnrD_2	PROKKA_00008
10235	CT	CAAT	frameshift_variant	HIGH	nnrD_2	PROKKA_00008
10256	TGATATTT	TATGTAT	frameshift_variant&missense_variant	HIGH	nnrD_2	PROKKA_00008
10270	TACA	TTAATA	frameshift_variant&missense_variant	HIGH	nnrD_2	PROKKA_00008
10278	TACGCAACTAAATACAC	TTATACGTATCC	frameshift_variant&stop_gained	HIGH	nnrD_2	PROKKA_00008
10299	ACGAGCCGCT	AACGT	frameshift_variant&missense_variant	HIGH	nnrD_2	PROKKA_00008
10310	ACAT	AT	frameshift_variant	HIGH	nnrD_2	PROKKA_00008
10328	AGT	AT	frameshift_variant	HIGH	nnrD_2	PROKKA_00008
10335	AGATCCACCAA	AATACA	frameshift_variant&missense_variant	HIGH	nnrD_2	PROKKA_00008
39474	TTGG	TG	frameshift_variant	HIGH	xerC_1	PROKKA_00035
39480	AAAACCTCGCTTTATAGACGA	ACACACAAGTTGGTAAAGTTGACA	stop_gained&disruptive_inframe_insertion	HIGH	xerC_1	PROKKA_00035
39502	TTCGT	TGGTCTT	frameshift_variant&missense_variant	HIGH	xerC_1	PROKKA_00035
39509	TAGAGCAATTG	TCAG	frameshift_variant&missense_variant	HIGH	xerC_1	PROKKA_00035
39521	ACA	AA	frameshift_variant	HIGH	xerC_1	PROKKA_00035
39525	TCATCTTGATAA	TTATTCAAAAATTAATA	frameshift_variant&missense_variant	HIGH	xerC_1	PROKKA_00035
39649	TAC	TC	frameshift_variant	HIGH	xerC_1	PROKKA_00035
39971	GAC	GC	frameshift_variant	HIGH	xerC_1	PROKKA_00035
40045	TCTGAAGA	TTCAGGA	frameshift_variant&missense_variant	HIGH	xerC_1	PROKKA_00035
40082	TCATTCTGG	TGATCTAG	frameshift_variant&stop_gained	HIGH	xerC_1	PROKKA_00035
40094	ATG	AG	frameshift_variant	HIGH	xerC_1	PROKKA_00035
40458	ACA	AA	frameshift_variant	HIGH	PROKKA_00036	PROKKA_00036
40469	GAG	GG	frameshift_variant	HIGH	PROKKA_00036	PROKKA_00036
45226	G	A	stop_gained	HIGH	PROKKA_00040	PROKKA_00040
45294	AA	AGA	frameshift_variant	HIGH	PROKKA_00040	PROKKA_00040
45478	ACACA	AACGCA	frameshift_variant&missense_variant	HIGH	csoR_1	PROKKA_00041
45532	CTC	CC	frameshift_variant	HIGH	csoR_1	PROKKA_00041
45537	TG	TAG	frameshift_variant	HIGH	csoR_1	PROKKA_00041
45806	ATGGAGAAA	ACAAAGA	frameshift_variant&missense_variant	HIGH	glpE	PROKKA_00042
45817	TTTATCGATGA	TACACATTA	frameshift_variant&missense_variant	HIGH	glpE	PROKKA_00042
45837	AGCAG	ACAAAGAAG	frameshift_variant&missense_variant	HIGH	glpE	PROKKA_00042
45852	ACTAGCC	ATTGGC	frameshift_variant&synonymous_variant	HIGH	glpE	PROKKA_00042
45860	AGCAAG	AAATG	frameshift_variant&missense_variant	HIGH	glpE	PROKKA_00042
45867	GC	GTC	frameshift_variant	HIGH	glpE	PROKKA_00042
45923	CCATA	CAA	frameshift_variant&synonymous_variant	HIGH	glpE	PROKKA_00042
45930	TCATCCTGTTGATG	TTACACCCAGTAGAAG	frameshift_variant&stop_gained	HIGH	glpE	PROKKA_00042
45966	AAAAAATA	ATAGCAACA	frameshift_variant&stop_gained	HIGH	glpE	PROKKA_00042
46119	ATATAA	AA	frameshift_variant	HIGH	glpE	PROKKA_00042
46127	GTA	GA	frameshift_variant	HIGH	glpE	PROKKA_00042
46131	AG	ATTG	frameshift_variant	HIGH	glpE	PROKKA_00042
46141	GCA	GA	frameshift_variant	HIGH	glpE	PROKKA_00042
46193	TAAAA	TTA	frameshift_variant&synonymous_variant	HIGH	glpE	PROKKA_00042
46199	TTA	TATCA	frameshift_variant&synonymous_variant	HIGH	glpE	PROKKA_00042
46307	CTTTAGTTAAGC	CCCTTGTAATC	frameshift_variant&missense_variant	HIGH	glpE	PROKKA_00042
46326	AAATGAC	AGAAGC	frameshift_variant&missense_variant	HIGH	glpE	PROKKA_00042
46334	ATGGA	AATGTA	frameshift_variant&stop_gained	HIGH	glpE	PROKKA_00042
46376	TAGATATAA	TGAAATCA	frameshift_variant&missense_variant	HIGH	glpE	PROKKA_00042
46433	ACAA	ATA	frameshift_variant&synonymous_variant	HIGH	glpE	PROKKA_00042
46438	GCTG	GGCAG	frameshift_variant&missense_variant	HIGH	glpE	PROKKA_00042
46471	AGA	AA	frameshift_variant	HIGH	glpE	PROKKA_00042
46532	AAGTG	AGCG	frameshift_variant&missense_variant	HIGH	glpE	PROKKA_00042
46557	GCA	GA	frameshift_variant	HIGH	glpE	PROKKA_00042
46613	CTCTTTCCA	CATTATCA	frameshift_variant&synonymous_variant	HIGH	glpE	PROKKA_00042
46727	TCA	TA	frameshift_variant	HIGH	glpE	PROKKA_00042
46731	AT	AGT	frameshift_variant	HIGH	glpE	PROKKA_00042
46782	ACT	AT	frameshift_variant	HIGH	glpE	PROKKA_00042
46887	TGTTATCATGTT	TTTTTTGT	frameshift_variant&start_lost&initiator_codon_variant	HIGH	blh	PROKKA_00043
46902	TA	TCA	frameshift_variant	HIGH	blh	PROKKA_00043
46925	TATCT	TTT	frameshift_variant&missense_variant	HIGH	blh	PROKKA_00043
46931	AA	ACAA	frameshift_variant	HIGH	blh	PROKKA_00043
46944	AGT	AATT	frameshift_variant&missense_variant	HIGH	blh	PROKKA_00043
46948	GGTT	GAT	frameshift_variant&missense_variant	HIGH	blh	PROKKA_00043
46998	ATCGA	AACA	frameshift_variant&missense_variant	HIGH	blh	PROKKA_00043
47004	ATA	AA	frameshift_variant	HIGH	blh	PROKKA_00043
47009	TAGA	TTTAA	frameshift_variant&stop_gained	HIGH	blh	PROKKA_00043
47168	CATCA	CTA	frameshift_variant&synonymous_variant	HIGH	blh	PROKKA_00043
47180	AA	ACA	frameshift_variant	HIGH	blh	PROKKA_00043
47184	TG	TCG	frameshift_variant	HIGH	blh	PROKKA_00043
47193	TGGA	TCA	frameshift_variant&missense_variant	HIGH	blh	PROKKA_00043
47246	GACACACGC	GCCATCCC	frameshift_variant&missense_variant	HIGH	blh	PROKKA_00043
47378	TTCA	TA	frameshift_variant	HIGH	blh	PROKKA_00043
47384	TAAAGG	TGTTGAAG	frameshift_variant&missense_variant	HIGH	blh	PROKKA_00043
47397	AGA	AA	frameshift_variant	HIGH	blh	PROKKA_00043
47427	CGTTCAAA	CATACA	frameshift_variant&missense_variant	HIGH	blh	PROKKA_00043
47511	TGCC	TTC	frameshift_variant&missense_variant	HIGH	blh	PROKKA_00043
47546	TTAATA	TAACA	frameshift_variant&missense_variant	HIGH	blh	PROKKA_00043
47566	GA	GTTA	frameshift_variant	HIGH	blh	PROKKA_00043
47569	ATTG	AG	frameshift_variant	HIGH	blh	PROKKA_00043
47592	ATCAT	ACTT	frameshift_variant&missense_variant	HIGH	blh	PROKKA_00043
47601	AT	ACT	frameshift_variant	HIGH	blh	PROKKA_00043
47643	ACAAGTT	AAAAT	frameshift_variant&missense_variant	HIGH	blh	PROKKA_00043
47738	AGGCCTT	AAGCAT	frameshift_variant&synonymous_variant	HIGH	blh	PROKKA_00043
47746	CACG	CCATG	frameshift_variant&missense_variant	HIGH	blh	PROKKA_00043
47777	TACCATACAACAA	TTCCTTTTAATA	frameshift_variant&missense_variant	HIGH	blh	PROKKA_00043
47829	AA	CT	stop_gained	HIGH	blh	PROKKA_00043
47928	AA	ACA	frameshift_variant	HIGH	blh	PROKKA_00043
47943	AACCCAGTCCGT	ACATCATCTAT	frameshift_variant&missense_variant	HIGH	blh	PROKKA_00043
48023	ATGGACACTTATATC	AAGGTCATTTAAAC	frameshift_variant&missense_variant	HIGH	blh	PROKKA_00043
48357	T	A	stop_lost&splice_region_variant	HIGH	nagC	PROKKA_00044
48719	ACA	AA	frameshift_variant	HIGH	nagC	PROKKA_00044
56644	CC	CGGTTCTGTTGC	frameshift_variant	HIGH	pksG_1	PROKKA_00050
56647	ATTT	AAGTTGAAT	frameshift_variant&missense_variant	HIGH	pksG_1	PROKKA_00050
56652	TGTTCAG	TATAGTATAATTTTAACAAAAAGGAGTCTTCTG	frameshift_variant&stop_gained	HIGH	pksG_1	PROKKA_00050
56667	ATA	AACAATTTAACAAGGA	frameshift_variant&stop_gained&missense_variant	HIGH	pksG_1	PROKKA_00050
56672	TAC	TTATC	frameshift_variant&stop_gained	HIGH	pksG_1	PROKKA_00050
56677	TATTTCCAAAATTTAAATTCATGTTGCC	TGTAGCCGTTGGCTACTATCTAAGATATACATTGAGTTATCGTGATATATCTGAAATATTAAGGGAACGTGGTGTAAACGTTCATCATTCAACGGTCTACCGTTGGGTTC	start_lost	HIGH	pksG_1	PROKKA_00050
56706	AAAATCGATTTATTTTTGCAATTGTTT	AGAATATGCCCCAATTTTGTATCAAATTTGGAAGAAAAAGCATAAAAAAGCTTATTACAAATGGCGTATTGATGAGACGTACATCAAAATAAAAGGAAAATGGAGCTAT	frameshift_variant&stop_lost&stop_retained_variant&splice_region_variant	HIGH	PROKKA_00051	PROKKA_00051
56734	TC	TATATC	frameshift_variant	HIGH	PROKKA_00051	PROKKA_00051
56737	TTCGCCTTT	TGCCATTGATGCAGAGGGACATACATTAGATATTTGGTTGCGT	frameshift_variant&missense_variant	HIGH	PROKKA_00051	PROKKA_00051
56747	AAGTCGATTT	AGCAACGAGATAATCATTCAGCATATGCGTTTATCAAACGTCT	stop_gained&missense_variant&conservative_inframe_insertion	HIGH	PROKKA_00051	PROKKA_00051
56762	AGTCCGTTAAA	AACAATTTGGTAAACCTCAAAAGGTAATTACAGA	frameshift_variant&stop_gained&missense_variant	HIGH	PROKKA_00051	PROKKA_00051
56774	CGACTGGCGA	CAGGCACCTTCAACGAAGGTAGCAATGGCTA	stop_gained&missense_variant&conservative_inframe_insertion	HIGH	PROKKA_00051	PROKKA_00051
56785	ATTTC	AGTAATTAAAGC	frameshift_variant&missense_variant	HIGH	PROKKA_00051	PROKKA_00051
56794	ATCAAA	AAACTTAAACCTGACTGTCA	frameshift_variant&stop_gained&missense_variant	HIGH	PROKKA_00051	PROKKA_00051
56806	TATTT	TCTGAATAACCTCAT	frameshift_variant&missense_variant	HIGH	PROKKA_00051	PROKKA_00051
56812	GTTCTA	GAGCAAGATCACCGTCATATTAAAGTAA	frameshift_variant&missense_variant	HIGH	PROKKA_00051	PROKKA_00051
56820	ATTTCTGTG	AAGACAAGGTATCAAAGTATCAATACAGCAAAGAATACTTTAAAAGGTATTG	frameshift_variant&stop_gained&missense_variant	HIGH	PROKKA_00051	PROKKA_00051
56833	TTTCCCCA	TCTATATAAAAAGAACCGCAGGTCTCTTCAGATCTACGGA	frameshift_variant&stop_gained&missense_variant	HIGH	PROKKA_00051	PROKKA_00051
56842	TCTTCTTCATC	TTTCGCCATGCCACGAAATTAGCATCATGCTAGCAAGTTAAGCGAAC	stop_gained&missense_variant&conservative_inframe_insertion	HIGH	PROKKA_00051	PROKKA_00051
56855	TCAATAACA	TGACATGATAAATTAGTGGTTAGCTA	frameshift_variant&stop_gained&missense_variant	HIGH	PROKKA_00051	PROKKA_00051
56865	AAAAACTCTTGCTCTATCCG	ATTTTTTACTTTGCAACAGAACCATTTTTGTTCAGTAATATTAATATGTACACTATTTCCAAAATTTAAATTCATGTTGCCAAAAATCGATTTGTTTTTG	frameshift_variant&stop_gained&missense_variant	HIGH	PROKKA_00051	PROKKA_00051
56886	AGTGCGTTGGATAGTTATCG	AATTGTTTTTCGTTCGCTTTTAAAGTCGATTTCATTAAGTCCGTTAAATCGACTGGCGAAATTTCTTTTATCAAATTCTTATATTTTGTTCTAG	frameshift_variant&stop_gained	HIGH	PROKKA_00051	PROKKA_00051
56908	TC	TTTC	frameshift_variant	HIGH	PROKKA_00051	PROKKA_00051
56911	GGT	GTGAAGCTTTCCCCATTCTTCTTCATCACTCAATAACATAAAAACTAT	stop_gained&missense_variant&conservative_inframe_insertion	HIGH	PROKKA_00051	PROKKA_00051
56916	CAAGA	CTCTATCCGCAGTGCGTTGGA	frameshift_variant&missense_variant	HIGH	PROKKA_00051	PROKKA_00051
61356	GT	GCT	frameshift_variant	HIGH	PROKKA_00055	PROKKA_00055
61360	TTTA	TGA	frameshift_variant&missense_variant	HIGH	PROKKA_00055	PROKKA_00055
64756	C	A	stop_lost&splice_region_variant	HIGH	PROKKA_00059	PROKKA_00059
65428	T	C	stop_lost&splice_region_variant	HIGH	PROKKA_00060	PROKKA_00060
68496	CTGGAAC	CGGGC	frameshift_variant&synonymous_variant	HIGH	PROKKA_00063	PROKKA_00063
68504	CCTG	CGCCCG	frameshift_variant&missense_variant	HIGH	PROKKA_00063	PROKKA_00063
68523	AGA	AA	frameshift_variant	HIGH	PROKKA_00063	PROKKA_00063
68538	TAT	TCTT	frameshift_variant&synonymous_variant	HIGH	PROKKA_00063	PROKKA_00063
68697	TACT	TGT	frameshift_variant&missense_variant	HIGH	PROKKA_00064	PROKKA_00064
68703	ATCTCGATTGA	AACAGCGTTTAA	frameshift_variant&missense_variant	HIGH	PROKKA_00064	PROKKA_00064
68808	GA	GCA	frameshift_variant	HIGH	PROKKA_00064	PROKKA_00064
68811	GGCAA	GCGA	frameshift_variant&missense_variant	HIGH	PROKKA_00064	PROKKA_00064
68879	TTATAAGACTT	TCATTCGTCT	frameshift_variant&synonymous_variant	HIGH	PROKKA_00064	PROKKA_00064
68892	ACCCG	AACCAG	frameshift_variant&missense_variant	HIGH	PROKKA_00064	PROKKA_00064
68960	ATCCGC	ACCC	frameshift_variant&synonymous_variant	HIGH	PROKKA_00064	PROKKA_00064
68967	AAAC	ACTTC	frameshift_variant&missense_variant	HIGH	PROKKA_00064	PROKKA_00064
69782	TGTTGAACAAA	TTATTAAATCGA	frameshift_variant&start_lost	HIGH	PROKKA_00066	PROKKA_00066
69845	AAAGG	AGCG	frameshift_variant&synonymous_variant	HIGH	PROKKA_00066	PROKKA_00066
69852	TT	TCT	frameshift_variant	HIGH	PROKKA_00066	PROKKA_00066
69861	GCTAAGTA	GTTAGGA	frameshift_variant&missense_variant	HIGH	PROKKA_00066	PROKKA_00066
69871	TCAATACAAA	TTCGATTAATA	frameshift_variant&stop_gained	HIGH	PROKKA_00066	PROKKA_00066
69944	AAAT	ATATT	frameshift_variant&missense_variant	HIGH	PROKKA_00066	PROKKA_00066
69950	ATC	AC	frameshift_variant	HIGH	PROKKA_00066	PROKKA_00066
69957	AAAGAAAG	ACAACAACG	frameshift_variant&missense_variant	HIGH	PROKKA_00066	PROKKA_00066
70090	CTGTTA	CAGTGAA	frameshift_variant&synonymous_variant	HIGH	PROKKA_00067	PROKKA_00067
70099	ATAATA	AAACA	frameshift_variant&missense_variant	HIGH	PROKKA_00067	PROKKA_00067
70166	ACTAT	ATTGCT	frameshift_variant&synonymous_variant	HIGH	PROKKA_00067	PROKKA_00067
70174	AGA	AA	frameshift_variant	HIGH	PROKKA_00067	PROKKA_00067
72191	T	A	stop_lost&splice_region_variant	HIGH	PROKKA_00071	PROKKA_00071
72222	G	T	stop_gained	HIGH	PROKKA_00071	PROKKA_00071
72888	TCT	TT	frameshift_variant	HIGH	PROKKA_00072	PROKKA_00072
74854	AGTGTCAATCCGTGT	ATGCCCATCATTTCACTGATGAGCAT	frameshift_variant&stop_lost&splice_region_variant	HIGH	dus	PROKKA_00075
74871	AATTGGAGGAATATCA	ACCGTTCGGTTACATTGATA	frameshift_variant&stop_gained	HIGH	dus	PROKKA_00075
74892	AACCT	AGGAGAGGGGGT	frameshift_variant&missense_variant	HIGH	dus	PROKKA_00075
74906	TAC	TC	frameshift_variant	HIGH	dus	PROKKA_00075
74916	CA	CTA	frameshift_variant	HIGH	dus	PROKKA_00075
75757	AAAT	AT	frameshift_variant	HIGH	dus	PROKKA_00075
96729	CAAATAAAAATCTATTAATGGTTTTCGTT	CTCATT	frameshift_variant&stop_lost&splice_region_variant&synonymous_variant	HIGH	PROKKA_00093	PROKKA_00093
98402	CATCCCT	CT	frameshift_variant	HIGH	PROKKA_00093	PROKKA_00093
98411	TTAA	TA	frameshift_variant	HIGH	PROKKA_00093	PROKKA_00093
98419	CAAGCT	CT	frameshift_variant	HIGH	PROKKA_00093	PROKKA_00093
98437	GCTAGACCAGATCCGATTAAGTAAGCG	GTAACAGCTGG	frameshift_variant&missense_variant	HIGH	PROKKA_00093	PROKKA_00093
107509	CTAT	CACTGT	frameshift_variant&stop_lost&splice_region_variant	HIGH	yfhA_2	PROKKA_00101
107514	AA	ATA	frameshift_variant	HIGH	yfhA_2	PROKKA_00101
109592	GT	GAT	frameshift_variant	HIGH	PROKKA_00104	PROKKA_00104
109598	GCGTTCCTTCACACCT	GTAGTCAT	frameshift_variant&stop_gained	HIGH	PROKKA_00104	PROKKA_00104
109615	GTTCCTTTAATTTCAG	GGTACCATTGTATCG	frameshift_variant&missense_variant	HIGH	PROKKA_00104	PROKKA_00104
109633	GTACCCAT	TATCAGTA	stop_gained	HIGH	PROKKA_00104	PROKKA_00104
109654	GAAGTTGT	GTTT	frameshift_variant&missense_variant	HIGH	PROKKA_00104	PROKKA_00104
109669	TCTT	TT	frameshift_variant	HIGH	PROKKA_00104	PROKKA_00104
109676	TATCAGA	TTA	frameshift_variant&missense_variant	HIGH	PROKKA_00104	PROKKA_00104
164448	AAACTAGGGCATACATGATTAAGGAAAGATAAGCTGTCATGTGTTTGAACTTCAGAGAGGATAATGTTATGAAAAAAATTATGGTTATTTTCGGTACGAGACCCGAAGCAATAAAAATGGCACCAT	AT	start_lost&conservative_inframe_deletion	HIGH	mnaA_1	PROKKA_00155
165649	ACGTCACAA	ATA	stop_gained&missense_variant&disruptive_inframe_deletion	HIGH	mnaA_1	PROKKA_00155
187381	AT	AATT	frameshift_variant	HIGH	yagU	PROKKA_00172
187388	ATAC	AATAACTC	frameshift_variant&missense_variant	HIGH	yagU	PROKKA_00172
187402	TG	TCGTTG	frameshift_variant	HIGH	yagU	PROKKA_00172
187423	GGTGGA	GTGA	frameshift_variant&missense_variant	HIGH	yagU	PROKKA_00172
193385	CA	CTA	frameshift_variant	HIGH	brnQ_1	PROKKA_00177
198149	CCCACT	CT	frameshift_variant	HIGH	ptsG_1	PROKKA_00180
234386	CATTGCAAAGCTAAATGTATCTTTATAATAAATGCTCTACACAGCCAATACATAAATAAAACGTGTGTTATGCTAAAACTTAGATAGAATCATGATGTCCTCCGTCATTTTTAATGTCCAAATACCACCTAAAGTTTTAATAACCATAAATAACATGATATAAGCAAAGATTAATATAACTAAGCCAATACC	CC	frameshift_variant&start_lost	HIGH	PROKKA_00215	PROKKA_00215
234686	TCAACT	TAT	stop_gained&disruptive_inframe_deletion	HIGH	PROKKA_00216	PROKKA_00216
234732	TCTTTA	TA	frameshift_variant	HIGH	PROKKA_00216	PROKKA_00216
234760	AAAG	AG	frameshift_variant	HIGH	PROKKA_00216	PROKKA_00216
239770	AACACAC	AC	frameshift_variant	HIGH	PROKKA_00222	PROKKA_00222
239829	AA	ATTGAAA	frameshift_variant	HIGH	PROKKA_00222	PROKKA_00222
256977	TT	TGGTTT	frameshift_variant	HIGH	ydiF	PROKKA_00233
260481	AA	ATCCAA	frameshift_variant	HIGH	PROKKA_00236	PROKKA_00236
261179	TACGGTCATCTTGTGAACTCCTTTCTT	TT	frameshift_variant&start_lost	HIGH	PROKKA_00237	PROKKA_00237
262427	GTAATGC	GC	frameshift_variant	HIGH	hmp	PROKKA_00239
262635	TT	TCTT	frameshift_variant	HIGH	hmp	PROKKA_00239
262649	TA	TTGA	frameshift_variant	HIGH	hmp	PROKKA_00239
262659	TTTT	TCTTGTTCT	frameshift_variant&missense_variant	HIGH	hmp	PROKKA_00239
265830	ACT	AT	frameshift_variant	HIGH	ptsG_3	PROKKA_00241
265846	ACA	AA	frameshift_variant	HIGH	ptsG_3	PROKKA_00241
265861	GCT	GT	frameshift_variant	HIGH	ptsG_3	PROKKA_00241
265884	ATAGT	AAT	frameshift_variant&missense_variant	HIGH	ptsG_3	PROKKA_00241
265891	TCTAATA	TATCTA	frameshift_variant&missense_variant	HIGH	ptsG_3	PROKKA_00241
265902	AGGGTAT	AT	frameshift_variant	HIGH	ptsG_3	PROKKA_00241
265911	TTTA	TA	frameshift_variant	HIGH	ptsG_3	PROKKA_00241
265917	GGTGTT	GT	frameshift_variant	HIGH	ptsG_3	PROKKA_00241
265924	GGATTA	GATA	frameshift_variant&missense_variant	HIGH	ptsG_3	PROKKA_00241
265936	GCACCACCGAT	GACACGT	frameshift_variant&missense_variant	HIGH	ptsG_3	PROKKA_00241
265948	CCCAA	CATA	frameshift_variant&missense_variant	HIGH	ptsG_3	PROKKA_00241
295585	CCTGG	CTTGCATGCG	frameshift_variant&missense_variant	HIGH	rbsK	PROKKA_00268
295593	AATG	AGTGGCAATAG	start_lost&initiator_codon_variant&non_canonical_start_codon	HIGH	rbsK	PROKKA_00268
296793	TA	TGA	frameshift_variant	HIGH	PROKKA_00271	PROKKA_00271
296796	TGCCTGATATG	TTGTCCGAATCCCATCCTGCACCTG	frameshift_variant&stop_gained	HIGH	PROKKA_00271	PROKKA_00271
296864	CT	CACGGCT	frameshift_variant	HIGH	PROKKA_00271	PROKKA_00271
303016	ATGAATGTCAGCA	AGTGA	frameshift_variant&start_lost&missense_variant	HIGH	lsrA	PROKKA_00277
303081	TGATTCATTTTTCG	TCAG	frameshift_variant&stop_lost&splice_region_variant&synonymous_variant	HIGH	PROKKA_00278	PROKKA_00278
303096	CGAAATAGTGATAGTTC	CACTATCATGC	stop_gained&disruptive_inframe_deletion	HIGH	PROKKA_00278	PROKKA_00278
303114	TCATTAGCTTTT	TTTGT	frameshift_variant&missense_variant	HIGH	PROKKA_00278	PROKKA_00278
303127	AATACAC	ATAAGC	frameshift_variant&missense_variant	HIGH	PROKKA_00278	PROKKA_00278
303139	TAC	TC	frameshift_variant	HIGH	PROKKA_00278	PROKKA_00278
303144	AGTAAT	ATAT	frameshift_variant&missense_variant	HIGH	PROKKA_00278	PROKKA_00278
303152	TGA	TA	frameshift_variant	HIGH	PROKKA_00278	PROKKA_00278
303160	AGC	AC	frameshift_variant	HIGH	PROKKA_00278	PROKKA_00278
303203	AAGG	AG	frameshift_variant	HIGH	PROKKA_00278	PROKKA_00278
331023	GT	GAGT	frameshift_variant&stop_lost&splice_region_variant	HIGH	yezG_7	PROKKA_00310
332416	AGTCAGTGGT	AATCAGTGGTATTAAACTACTTACTAATAACAAGCCTAAAGATGAAATAAGCGACTT	frameshift_variant&missense_variant	HIGH	PROKKA_00312	PROKKA_00312
332427	TT	TCAT	frameshift_variant	HIGH	PROKKA_00312	PROKKA_00312
332432	CTCC	CATCGTATATTGAAATTTCAAGATTTC	frameshift_variant&missense_variant	HIGH	PROKKA_00312	PROKKA_00312
332445	ACAAGCCTAAAGAT	AAGTGCTCTCTTAGAAGTAGATTTTCAGTCAATAACTGCTTTTAAGAGAGCATTTTGTATTTGATAATGCTCATAGCATCGGACAAAAACCATT	frameshift_variant&stop_gained&missense_variant	HIGH	PROKKA_00312	PROKKA_00312
332460	AAAT	ACGAACTT	frameshift_variant&missense_variant	HIGH	PROKKA_00312	PROKKA_00312
332465	AGCG	AAAAAATACGTTAGACAATG	frameshift_variant&missense_variant	HIGH	PROKKA_00312	PROKKA_00312
336227	TT	TGT	frameshift_variant	HIGH	hel	PROKKA_00315
336230	TAGA	TGGTA	frameshift_variant&missense_variant	HIGH	hel	PROKKA_00315
336235	TAACTATAT	TTGGGAAGCTACGATTTACAACAATACT	stop_lost&splice_region_variant	HIGH	hel	PROKKA_00315
344463	AAGG	AG	frameshift_variant	HIGH	PROKKA_00323	PROKKA_00323
346680	TATATGGCTGT	TGTATGGCTGTTTGCAATGATGGTTGAAAGAAGGAGTCATTCTAAAATAGAAT	stop_gained&conservative_inframe_insertion&synonymous_variant	HIGH	glkA	PROKKA_00325
346693	GC	GAAACCGTTACGAGAGATGAGAGCTGTTGTTAGTTCCACACATCACACTCTATCTAGGACCAATCTAAACTATATCAACCAACAGTGTGCCACGGACATATTAAATTGAAGAAGCTGAGATATTAAAATTTTAGAAAATGTAAAAAATATTTGGTATTGAAATTAAAAAAGCACCTAGCAACTCGTTGGGGCAATCACGATGATTATCTACAGTTGC	frameshift_variant&stop_gained	HIGH	glkA	PROKKA_00325
347213	TTCAATA	TA	frameshift_variant	HIGH	PROKKA_00327	PROKKA_00327
347260	GAATTCTTTG	GG	frameshift_variant	HIGH	PROKKA_00327	PROKKA_00327
354226	AAGTCAT	AT	frameshift_variant&start_lost	HIGH	fadH	PROKKA_00332
385400	AT	ACTTCTGTTGAAAGTCTAATACAATTAACGGCAATACAATTCTTTTAAATCAATGTCTTCTAAATAACGTTTATTCTCGACAAAGTGAATTGGTGCATCAATGTGGTACCATATTGCGTTACAATATTCCAACGTTGCACATAGAAATCAT	frameshift_variant&stop_gained	HIGH	kynB	PROKKA_00366
390650	GTACCGC	GC	frameshift_variant	HIGH	metC_2	PROKKA_00370
390706	AA	AGTAAA	frameshift_variant	HIGH	metC_2	PROKKA_00370
398646	AATT	AT	frameshift_variant	HIGH	PROKKA_00381	PROKKA_00381
408889	TATC	TCAGC	frameshift_variant&stop_lost&splice_region_variant	HIGH	ahpC_2	PROKKA_00395
408894	GTTG	GG	frameshift_variant	HIGH	ahpC_2	PROKKA_00395
408900	AC	AGAAGC	frameshift_variant	HIGH	ahpC_2	PROKKA_00395
408907	AGTAATT	ACGCTCCAAGAACT	frameshift_variant&missense_variant	HIGH	ahpC_2	PROKKA_00395
408922	TCTT	TT	frameshift_variant	HIGH	ahpC_2	PROKKA_00395
408934	TCTT	TT	frameshift_variant	HIGH	ahpC_2	PROKKA_00395
411527	CCAGT	CAT	frameshift_variant&stop_lost&splice_region_variant&synonymous_variant	HIGH	PROKKA_00398	PROKKA_00398
411533	ACT	AT	frameshift_variant	HIGH	PROKKA_00398	PROKKA_00398
411539	TGA	TA	frameshift_variant	HIGH	PROKKA_00398	PROKKA_00398
411543	GTAA	GA	frameshift_variant	HIGH	PROKKA_00398	PROKKA_00398
411549	ACATTCGAATGTTCCATACAGTACAATGCCAATGCCGATACCTA	ATAAACGATACATCA	frameshift_variant&stop_gained	HIGH	PROKKA_00398	PROKKA_00398
411594	AGCT	AT	frameshift_variant	HIGH	PROKKA_00398	PROKKA_00398
411601	AACACACG	ACAG	frameshift_variant&missense_variant	HIGH	PROKKA_00398	PROKKA_00398
411616	AAAGATATATG	ATATGTTTTGATTTG	frameshift_variant&missense_variant	HIGH	PROKKA_00398	PROKKA_00398
425879	AA	ATATGAA	frameshift_variant	HIGH	qorB	PROKKA_00413
426023	TA	TTAA	frameshift_variant	HIGH	PROKKA_00414	PROKKA_00414
443062	AAGAAGGTTC	AC	frameshift_variant	HIGH	lpl2_1	PROKKA_00430
475094	ACGA	AAA	frameshift_variant&missense_variant	HIGH	PROKKA_00467	PROKKA_00467
475102	TTA	TAAA	frameshift_variant&missense_variant	HIGH	PROKKA_00467	PROKKA_00467
475170	AA	ATAA	frameshift_variant	HIGH	PROKKA_00467	PROKKA_00467
498046	TATGTCTAAAACATCAAAATAAAAGCAAACACAAAGAAAAATGGCTTGGCGAAGTGAAAACGTTTGAATCTGACGAAACGAGAAAAGAGCGCAACGAGTTTAGTAGAGCTAAATGAGTAAGCGAGAGCCGAAGGAGAGGAAAGAGCAAGCGATTGTCACAAGTCAAGAAAGGTTCTTAGCGACGATGGTAGCCAACTTACGTTCCGCTAGAGTAGAACGTTGCCAGGCAAAAAATGGATGCGATGAGCCGCATTGAGACCGCAAGGTCTCTTTTTTTT	TT	transcript_ablation	HIGH	PROKKA_00480	PROKKA_00480
552256	AA	ACA	frameshift_variant	HIGH	nupC_2	PROKKA_00532
552281	TT	TGT	frameshift_variant	HIGH	nupC_2	PROKKA_00532
552287	ACATAAGAT	AAACGT	start_lost&intron_variant	HIGH	nupC_2	PROKKA_00532
552545	TTAGAAATAAGAATCTAAAACAT	TGAAGCAGAAACAGTCGACATTGCTGAAGCTGT	frameshift_variant&stop_lost&splice_region_variant	HIGH	nupC_3	PROKKA_00533
552572	GATT	GTGTAT	frameshift_variant&missense_variant	HIGH	nupC_3	PROKKA_00533
552578	AGGTAAAATCTT	ACGTTGCTTAGGTATGTATGGTAAT	frameshift_variant&stop_gained&missense_variant	HIGH	nupC_3	PROKKA_00533
552592	TGTAT	TTTTAGATAATCCAT	frameshift_variant&stop_gained&missense_variant	HIGH	nupC_3	PROKKA_00533
552600	AGG	ATGAG	frameshift_variant&missense_variant	HIGH	nupC_3	PROKKA_00533
552604	TAC	TC	frameshift_variant	HIGH	nupC_3	PROKKA_00533
552608	GA	GTA	frameshift_variant	HIGH	nupC_3	PROKKA_00533
552613	TCGCTG	TTAG	frameshift_variant&missense_variant	HIGH	nupC_3	PROKKA_00533
552641	TACACTGAAGAAGAATGGTGGTT	TGATAAATAAACTGAAAGATAT	frameshift_variant&missense_variant	HIGH	nupC_3	PROKKA_00533
552668	AGGA	AA	frameshift_variant	HIGH	nupC_3	PROKKA_00533
583952	AAAGTTGGTGAAGAAGTTGAAATCATCGGTTTACATGACACATCTAAAACAACTGTTACAGGTGTTGAAATGTTCCGTAAATTATTAG	AG	frameshift_variant	HIGH	tuf	PROKKA_00560
600267	AT	ACAGCGACTCAGATT	frameshift_variant	HIGH	sdrC	PROKKA_00574
600273	TC	TAGC	frameshift_variant	HIGH	sdrC	PROKKA_00574
604675	CAGTGATTC	CC	frameshift_variant	HIGH	sdrD_1	PROKKA_00575
604686	ACTCAGATAGCGATCAGATCAGACAGCG	ATAGG	frameshift_variant&missense_variant	HIGH	sdrD_1	PROKKA_00575
604720	ACT	AT	frameshift_variant	HIGH	sdrD_1	PROKKA_00575
608622	TCAGAT	TT	frameshift_variant	HIGH	sdrE_1	PROKKA_00577
608632	TAGGACT	TT	frameshift_variant&stop_lost&splice_region_variant	HIGH	sdrE_1	PROKKA_00577
610814	TACATTTATATAAGACGAACAAATTGGTC	TC	frameshift_variant&stop_lost&splice_region_variant	HIGH	tagE_2	PROKKA_00580
613262	CACG	CG	frameshift_variant	HIGH	folE2_1	PROKKA_00582
613286	AATAG	ATG	frameshift_variant&missense_variant	HIGH	folE2_1	PROKKA_00582
613303	ACT	AT	frameshift_variant	HIGH	folE2_1	PROKKA_00582
613505	AATCCA	ATCA	frameshift_variant&stop_gained	HIGH	folE2_2	PROKKA_00583
613513	AGT	AT	frameshift_variant	HIGH	folE2_2	PROKKA_00583
613542	TT	TATT	frameshift_variant	HIGH	folE2_2	PROKKA_00583
613545	TGG	TG	frameshift_variant	HIGH	folE2_2	PROKKA_00583
613551	GAC	GC	frameshift_variant	HIGH	folE2_2	PROKKA_00583
613566	AGAA	AA	frameshift_variant	HIGH	folE2_2	PROKKA_00583
613574	TTCCAG	TCCG	frameshift_variant&missense_variant	HIGH	folE2_2	PROKKA_00583
613639	AGT	AT	frameshift_variant	HIGH	folE2_2	PROKKA_00583
613656	TTCAATA	TA	frameshift_variant	HIGH	folE2_2	PROKKA_00583
614110	TT	TCT	frameshift_variant	HIGH	mca	PROKKA_00584
614131	TTGAAT	TGAT	frameshift_variant&missense_variant	HIGH	mca	PROKKA_00584
614145	CTCC	CC	frameshift_variant	HIGH	mca	PROKKA_00584
624610	AA	ATA	frameshift_variant	HIGH	pdxK	PROKKA_00596
638756	AT	AATCCAT	frameshift_variant	HIGH	garB_2	PROKKA_00611
638760	TCAT	TGTACAAGT	frameshift_variant&missense_variant	HIGH	garB_2	PROKKA_00611
682530	GA	GCA	frameshift_variant	HIGH	tagA_1	PROKKA_00660
756478	GGTGGT	GT	frameshift_variant	HIGH	queE_1	PROKKA_00737
794733	AGCCTT	ACAGCACTGT	frameshift_variant&stop_lost&splice_region_variant	HIGH	PROKKA_00772	PROKKA_00772
794743	TTTACT	TCATTCGAT	stop_gained&conservative_inframe_insertion	HIGH	PROKKA_00772	PROKKA_00772
794750	CCG	CTAAAAAATG	frameshift_variant&stop_gained&missense_variant	HIGH	PROKKA_00772	PROKKA_00772
794765	CCTAGT	CACAT	frameshift_variant&missense_variant	HIGH	PROKKA_00772	PROKKA_00772
794772	CGAT	CTT	frameshift_variant&missense_variant	HIGH	PROKKA_00772	PROKKA_00772
794778	ACCT	AT	frameshift_variant	HIGH	PROKKA_00772	PROKKA_00772
794783	GTAATT	GCCTTGATAT	frameshift_variant&missense_variant	HIGH	PROKKA_00772	PROKKA_00772
794790	AT	ACGT	frameshift_variant	HIGH	PROKKA_00772	PROKKA_00772
794793	TATGA	TTA	frameshift_variant&missense_variant	HIGH	PROKKA_00772	PROKKA_00772
794800	AACTAAA	ATCAGTATACCA	frameshift_variant&missense_variant	HIGH	PROKKA_00772	PROKKA_00772
794812	TTCT	TAATGCCCAAAAAT	frameshift_variant&missense_variant	HIGH	PROKKA_00772	PROKKA_00772
794831	AC	AATC	frameshift_variant	HIGH	PROKKA_00772	PROKKA_00772
794837	TT	TAATT	stop_gained&conservative_inframe_insertion	HIGH	PROKKA_00772	PROKKA_00772
794842	TTCCA	TGTA	frameshift_variant&start_lost	HIGH	PROKKA_00772	PROKKA_00772
798809	GTCA	GA	frameshift_variant	HIGH	tagO	PROKKA_00776
908022	ATGTCTTATTTC	AATCCAGC	frameshift_variant&stop_lost&splice_region_variant	HIGH	PROKKA_00897	PROKKA_00897
908035	CATTAAACTGTA	CGATCTA	frameshift_variant&stop_gained	HIGH	PROKKA_00897	PROKKA_00897
908052	TCA	TA	frameshift_variant	HIGH	PROKKA_00897	PROKKA_00897
908057	TGTAGATTGA	TTGACCTA	frameshift_variant&missense_variant	HIGH	PROKKA_00897	PROKKA_00897
908068	TTTT	TAT	frameshift_variant&missense_variant	HIGH	PROKKA_00897	PROKKA_00897
908080	CATAATGT	CTTT	frameshift_variant&missense_variant	HIGH	PROKKA_00897	PROKKA_00897
908089	TTATGTGGAATT	TATTATGTT	stop_gained&disruptive_inframe_deletion	HIGH	PROKKA_00897	PROKKA_00897
908104	TGCGAAC	TTGTATGATTATTTC	frameshift_variant&missense_variant	HIGH	PROKKA_00897	PROKKA_00897
915806	ATATATGTAGATAGGGCGAATCTGTAGTCAAAGAAAAATCATTGAAAAAGA	AA	frameshift_variant&start_lost	HIGH	PROKKA_00904	PROKKA_00904
916005	AT	AGGCAAT	frameshift_variant&splice_region_variant	HIGH	mnhG1	PROKKA_00905
916014	AA	AGAGATA	frameshift_variant	HIGH	mnhG1	PROKKA_00905
916018	TTG	TGTAG	frameshift_variant&missense_variant	HIGH	mnhG1	PROKKA_00905
916024	GA	GGCGAA	frameshift_variant	HIGH	mnhG1	PROKKA_00905
916031	AT	AGT	frameshift_variant	HIGH	mnhG1	PROKKA_00905
916035	AGAT	AAGAAAAAT	frameshift_variant&missense_variant	HIGH	mnhG1	PROKKA_00905
916042	TA	TGA	frameshift_variant	HIGH	mnhG1	PROKKA_00905
916047	GT	GAGT	frameshift_variant	HIGH	mnhG1	PROKKA_00905
916055	ATTTTTT	AAAGAAAACAGCAGTAAAATCATTCCTAAT	frameshift_variant&stop_gained&missense_variant	HIGH	mnhG1	PROKKA_00905
916072	TTTTTT	TGTTGTTGAT	frameshift_variant&missense_variant	HIGH	mnhG1	PROKKA_00905
916079	TTTTTT	TATATTCATGAT	stop_gained&conservative_inframe_insertion	HIGH	mnhG1	PROKKA_00905
916086	TTTTTT	TGTTATATAATCTACAAT	stop_gained&missense_variant&conservative_inframe_insertion	HIGH	mnhG1	PROKKA_00905
916099	TTT	TAAGTCT	frameshift_variant&missense_variant	HIGH	mnhG1	PROKKA_00905
916108	TATGT	TCATCGACT	frameshift_variant&stop_gained	HIGH	mnhG1	PROKKA_00905
916114	TT	TAGTCT	frameshift_variant	HIGH	mnhG1	PROKKA_00905
916118	TT	TAGT	frameshift_variant	HIGH	mnhG1	PROKKA_00905
918325	CTGAAAAATAATAATAATATCTTTCACGTTCAATACC	CC	frameshift_variant	HIGH	mnhD1_2	PROKKA_00908
919101	GGTTCTA	GA	frameshift_variant&stop_lost&splice_region_variant	HIGH	mnhB1	PROKKA_00910
919109	TATAAATAACGGT	TTT	frameshift_variant&stop_gained&missense_variant	HIGH	mnhB1	PROKKA_00910
919126	CAAATGTG	CTGG	frameshift_variant&missense_variant	HIGH	mnhB1	PROKKA_00910
919147	AATT	AT	frameshift_variant	HIGH	mnhB1	PROKKA_00910
919153	GCCTAAAAACCAAC	GTCC	frameshift_variant&missense_variant	HIGH	mnhB1	PROKKA_00910
919181	GCAA	GA	frameshift_variant	HIGH	mnhB1	PROKKA_00910
919189	AAAAACTA	ACA	frameshift_variant&missense_variant	HIGH	mnhB1	PROKKA_00910
919198	TCCGATACCTATCAAGATTTTAAA	TGCCATA	frameshift_variant&missense_variant	HIGH	mnhB1	PROKKA_00910
919241	CGC	CC	frameshift_variant	HIGH	mnhB1	PROKKA_00910
919247	GTTTCTA	GCA	frameshift_variant&missense_variant	HIGH	mnhB1	PROKKA_00910
919256	TCAAATGC	TAC	frameshift_variant&missense_variant	HIGH	mnhB1	PROKKA_00910
919265	ATCG	AG	frameshift_variant	HIGH	mnhB1	PROKKA_00910
919400	TC	TGTC	frameshift_variant&splice_region_variant	HIGH	mnhA1_1	PROKKA_00911
921679	AA	ATAA	frameshift_variant	HIGH	mnhA1_2	PROKKA_00912
921707	AATCTAAATGCAATGTAAGCATAT	ACATCCT	frameshift_variant&stop_gained	HIGH	mnhA1_2	PROKKA_00912
921732	AAAAATGACATAGGAAA	ATA	frameshift_variant&missense_variant	HIGH	mnhA1_2	PROKKA_00912
921750	AAAC	AC	frameshift_variant	HIGH	mnhA1_2	PROKKA_00912
921755	AACC	AC	frameshift_variant	HIGH	mnhA1_2	PROKKA_00912
921760	TCCTAAATG	TG	frameshift_variant	HIGH	mnhA1_2	PROKKA_00912
932419	ACT	AT	frameshift_variant	HIGH	argG_2	PROKKA_00922
932433	TCTT	TT	frameshift_variant	HIGH	argG_2	PROKKA_00922
951110	ATTAGGAAATTTAAGTGTAAAAGAGTTGATAAATGATTATATTGGGACTATAATATAATTAAGGTCAAAGAAAGTCAAAGTCAAAAGTGCAACTTGACCAACTCTACAAATTAGAGGTGAAATTATATGGATATAAATAA	AA	frameshift_variant&start_lost	HIGH	clpB	PROKKA_00938
953838	AG	ATG	frameshift_variant	HIGH	clpB	PROKKA_00938
953842	TT	TAAATT	frameshift_variant&stop_lost&splice_region_variant	HIGH	clpB	PROKKA_00938
974488	ACT	AT	frameshift_variant	HIGH	trpS_1	PROKKA_00961
974729	TC	TAGGC	stop_lost&disruptive_inframe_insertion&splice_region_variant	HIGH	trpS_2	PROKKA_00962
974732	TAC	TC	frameshift_variant	HIGH	trpS_2	PROKKA_00962
974740	GCACATC	GTCAAGCAC	frameshift_variant&stop_gained	HIGH	trpS_2	PROKKA_00962
974753	GCGACT	GGAT	frameshift_variant&missense_variant	HIGH	trpS_2	PROKKA_00962
974760	TTAAATCT	TAAT	frameshift_variant&missense_variant	HIGH	trpS_2	PROKKA_00962
974773	CAAGATTACG	CG	frameshift_variant	HIGH	trpS_2	PROKKA_00962
974786	TAATTCCATATGTTGCT	TTTATTT	frameshift_variant&missense_variant	HIGH	trpS_2	PROKKA_00962
974814	CCAACAGGAACAA	CAAAAA	frameshift_variant&missense_variant	HIGH	trpS_2	PROKKA_00962
996573	TCATA	TAA	frameshift_variant&missense_variant	HIGH	ugtP_1	PROKKA_00983
996591	AGT	AT	frameshift_variant	HIGH	ugtP_1	PROKKA_00983
996596	TAG	TG	frameshift_variant	HIGH	ugtP_1	PROKKA_00983
996613	AT	AGTT	frameshift_variant&stop_gained	HIGH	ugtP_1	PROKKA_00983
996616	TC	TTCC	frameshift_variant	HIGH	ugtP_1	PROKKA_00983
996625	AT	AAACTT	frameshift_variant	HIGH	ugtP_1	PROKKA_00983
996628	GC	GTAATATTC	frameshift_variant	HIGH	ugtP_1	PROKKA_00983
996635	TC	TTGAATC	frameshift_variant	HIGH	ugtP_1	PROKKA_00983
996639	AT	AATTTT	frameshift_variant	HIGH	ugtP_1	PROKKA_00983
996651	AG	AATGGTGTAGAAACG	frameshift_variant	HIGH	ugtP_1	PROKKA_00983
996683	ATAATTA	AATA	start_lost&initiator_codon_variant&intron_variant	HIGH	ugtP_1	PROKKA_00983
996694	ACT	AT	frameshift_variant	HIGH	ugtP_2	PROKKA_00984
1009580	CGCC	CC	frameshift_variant	HIGH	lplJ_2	PROKKA_00996
1009590	TGT	TT	frameshift_variant	HIGH	lplJ_2	PROKKA_00996
1009595	TGC	TC	frameshift_variant	HIGH	lplJ_2	PROKKA_00996
1009635	AAC	ACTTTTATGC	frameshift_variant&stop_gained&missense_variant	HIGH	lplJ_3	PROKKA_00997
1009640	TGCTA	TACATGTCATCA	frameshift_variant&missense_variant	HIGH	lplJ_3	PROKKA_00997
1009648	TTTATGCTG	TACATGCCTAAAGATTTAACTTG	frameshift_variant&stop_gained&missense_variant	HIGH	lplJ_3	PROKKA_00997
1019215	ACA	AA	frameshift_variant&start_lost	HIGH	menA	PROKKA_01009
1019247	TCTTGCTACCAGAA	TTGTAA	frameshift_variant&stop_lost&splice_region_variant	HIGH	PROKKA_01010	PROKKA_01010
1019262	AATTGACTCGT	ATATGCT	frameshift_variant&missense_variant	HIGH	PROKKA_01010	PROKKA_01010
1019275	AGAAAT	AAGT	frameshift_variant&missense_variant	HIGH	PROKKA_01010	PROKKA_01010
1019285	TTTA	TA	frameshift_variant	HIGH	PROKKA_01010	PROKKA_01010
1019295	GCTGTACCAA	GTTAA	frameshift_variant&missense_variant	HIGH	PROKKA_01010	PROKKA_01010
1019306	TAAAACGGG	TG	frameshift_variant	HIGH	PROKKA_01010	PROKKA_01010
1019316	ACTACG	ATAG	frameshift_variant&missense_variant	HIGH	PROKKA_01010	PROKKA_01010
1019327	AGT	AT	frameshift_variant	HIGH	PROKKA_01010	PROKKA_01010
1019333	TGTA	TA	frameshift_variant	HIGH	PROKKA_01010	PROKKA_01010
1019338	GAGGACGCATTAAATGCCAA	GCCAATA	frameshift_variant&missense_variant	HIGH	PROKKA_01010	PROKKA_01010
1025397	TTTGCATTACT	TCAAT	frameshift_variant&start_lost	HIGH	sspB_1	PROKKA_01016
1025409	TGTTTATCTAAT	TT	frameshift_variant	HIGH	sspB_2	PROKKA_01017
1025423	TTTAGCATA	TGAA	frameshift_variant&missense_variant	HIGH	sspB_2	PROKKA_01017
1025433	CCAGCAAATT	CT	frameshift_variant	HIGH	sspB_2	PROKKA_01017
1025467	TTTGAGGTAC	TC	frameshift_variant	HIGH	sspB_2	PROKKA_01017
1025479	TGTCACT	TTT	frameshift_variant&missense_variant	HIGH	sspB_2	PROKKA_01017
1025488	TAACAT	TT	frameshift_variant	HIGH	sspB_2	PROKKA_01017
1025495	AATTTCTAGC	AC	frameshift_variant	HIGH	sspB_2	PROKKA_01017
1029531	ACCGAGATA	ATTAAAAA	frameshift_variant&stop_gained	HIGH	PROKKA_01022	PROKKA_01022
1029542	ATT	AATAAAGAAT	frameshift_variant&missense_variant	HIGH	PROKKA_01022	PROKKA_01022
1029547	ACATA	AAAAAA	frameshift_variant&missense_variant	HIGH	PROKKA_01022	PROKKA_01022
1029554	TTTCCGTA	TATATCAAGTTTGAAA	frameshift_variant&stop_gained&missense_variant	HIGH	PROKKA_01022	PROKKA_01022
1029565	TATAATACGA	TTTAAAGTATATCAAATCGCGAAA	frameshift_variant&stop_gained	HIGH	PROKKA_01022	PROKKA_01022
1029583	TGT	TAAAAAAATT	frameshift_variant&missense_variant	HIGH	PROKKA_01022	PROKKA_01022
1029587	GGCA	GA	frameshift_variant	HIGH	PROKKA_01022	PROKKA_01022
1029608	ACT	AT	frameshift_variant	HIGH	PROKKA_01022	PROKKA_01022
1029710	AATAATCTCTCTCTTTTAATGAAG	AG	frameshift_variant	HIGH	PROKKA_01022	PROKKA_01022
1039588	ATGTTGAGTTATTT	AACTTCGCGTGGAATGT	start_lost&initiator_codon_variant	HIGH	qoxD	PROKKA_01031
1039988	GCA	GTGTGCGTGA	frameshift_variant&missense_variant	HIGH	qoxB	PROKKA_01032
1039993	CTGTTGA	CAATAGTGTTTGTA	frameshift_variant&missense_variant	HIGH	qoxB	PROKKA_01032
1040002	AGCCC	ATGACTCATGAC	frameshift_variant&missense_variant	HIGH	qoxB	PROKKA_01032
1040010	CG	CAG	frameshift_variant	HIGH	qoxB	PROKKA_01032
1040015	CT	CCCT	frameshift_variant	HIGH	qoxB	PROKKA_01032
1042858	CCAGATTCGGCATTCTTATTAT	CAGATTCGGCATTCTTTATAACATAACTATACTTGTAAATAAAATGGCGAACATGCCAAGTACAACGAAACAATGCATAACCATTGATAGGTTTTTCGTAATCGTATAAATTTT	frameshift_variant&stop_gained&missense_variant	HIGH	qoxA	PROKKA_01033
1042883	TATACTTGT	TGTAGAATAGCTAAAGCAGCAACGATTATATTATGACCATTT	stop_gained&missense_variant&conservative_inframe_insertion	HIGH	qoxA	PROKKA_01033
1042893	AA	ATA	frameshift_variant	HIGH	qoxA	PROKKA_01033
1042896	AAA	ATTGATA	frameshift_variant&missense_variant	HIGH	qoxA	PROKKA_01033
1044825	CA	CGAATCA	frameshift_variant&stop_gained	HIGH	folD_1	PROKKA_01035
1045537	TCTTCTTCAGTATGTCTTCAAATTACGATTCTGAATCATACCAAT	TTTTTTTTTTTTTTTTTT	stop_lost&conservative_inframe_deletion&splice_region_variant	HIGH	folD_2	PROKKA_01036
1045586	TCAGCTGCT	TTTTTTTATTTTT	frameshift_variant&stop_gained	HIGH	folD_2	PROKKA_01036
1045603	TG	TTTTTG	frameshift_variant	HIGH	folD_2	PROKKA_01036
1105361	AGCTAAT	AT	frameshift_variant	HIGH	PROKKA_01093	PROKKA_01093
1105400	GT	GCGTCGT	frameshift_variant	HIGH	PROKKA_01093	PROKKA_01093
1105430	GGATTT	GCTGTTGATCT	frameshift_variant&missense_variant	HIGH	PROKKA_01093	PROKKA_01093
1105461	TGT	TT	frameshift_variant	HIGH	PROKKA_01093	PROKKA_01093
1105466	ATACCACG	AAAGCTG	frameshift_variant&missense_variant	HIGH	PROKKA_01093	PROKKA_01093
1105475	TATGGTGTTTG	TCAAGCTGCG	frameshift_variant&missense_variant	HIGH	PROKKA_01093	PROKKA_01093
1105487	CCAT	CT	frameshift_variant	HIGH	PROKKA_01093	PROKKA_01093
1105493	TGCTTATCTT	TTTTCATGT	frameshift_variant&stop_gained&missense_variant	HIGH	PROKKA_01093	PROKKA_01093
1105505	TTAC	TCTCC	frameshift_variant&missense_variant	HIGH	PROKKA_01093	PROKKA_01093
1105522	TA	TCAA	frameshift_variant	HIGH	PROKKA_01093	PROKKA_01093
1105525	GTATTTTT	GCCTAATTGTTTAGCAT	stop_gained&conservative_inframe_insertion	HIGH	PROKKA_01093	PROKKA_01093
1109342	GTTATTATTGAG	GATG	frameshift_variant&missense_variant	HIGH	PROKKA_01099	PROKKA_01099
1109355	AACCAATGAGAGCTTATTCAGAGCAAAGTGACCAAATGTTGACAGTAGGTAATGGTTGGGAAGTAATCG	ACACTATCACATTATTAAAG	frameshift_variant&missense_variant	HIGH	PROKKA_01099	PROKKA_01099
1124163	CAAG	CG	frameshift_variant	HIGH	rnhC	PROKKA_01112
1124169	AAGAATTAGCCA	ATGA	frameshift_variant&start_lost&synonymous_variant	HIGH	rnhC	PROKKA_01112
1144984	GTATCAA	GGATGCTA	frameshift_variant&stop_lost&splice_region_variant	HIGH	hly_2	PROKKA_01133
1144992	CGAATTTCTTGTCT	CAGATATTT	frameshift_variant&missense_variant	HIGH	hly_2	PROKKA_01133
1145007	AATCTATGCA	AGCATA	frameshift_variant&missense_variant	HIGH	hly_2	PROKKA_01133
1145019	TTTTTATAACTGA	TCA	frameshift_variant&missense_variant	HIGH	hly_2	PROKKA_01133
1145033	TTTTTTTTTTTTTTA	TA	frameshift_variant	HIGH	hly_2	PROKKA_01133
1145049	CTATTATTTTTTTT	CATACTAT	stop_gained&conservative_inframe_deletion	HIGH	hly_2	PROKKA_01133
1145065	CATTTTTTTATCAT	CTGATTTCT	frameshift_variant&stop_gained&missense_variant	HIGH	hly_2	PROKKA_01133
1145100	AGT	AT	frameshift_variant	HIGH	hly_2	PROKKA_01133
1145106	GCT	GT	frameshift_variant	HIGH	hly_2	PROKKA_01133
1145117	TGT	TT	frameshift_variant	HIGH	hly_2	PROKKA_01133
1145124	CCGG	CG	frameshift_variant	HIGH	hly_2	PROKKA_01133
1147224	AT	AGT	frameshift_variant&splice_region_variant	HIGH	PROKKA_01137	PROKKA_01137
1147227	AATATTTCCCAACT	ACTCAGTAATAACTAAATACTGGTATTTGTTTTAGTCAAACAGTACATCTAATATTAATAT	frameshift_variant&stop_gained&missense_variant	HIGH	PROKKA_01137	PROKKA_01137
1147896	TG	TTTTCTG	frameshift_variant	HIGH	speH	PROKKA_01138
1230408	ATATGCGTAGCAACAT	AATGTGCAAGTTGGGGTGAACAACGAAATAAATTTTGCGAAAATATCATTTCTGTCCCACTCCCATTAAATATATGCGTAGCAAAT	frameshift_variant&stop_lost&splice_region_variant	HIGH	PROKKA_01217	PROKKA_01217
1283943	TAAAACAGCAAAAGAATTATTAGCTACAGCAGTACAAAGATT	TT	frameshift_variant	HIGH	rny	PROKKA_01261
1284941	ATAA	AA	frameshift_variant	HIGH	rny	PROKKA_01261
1340868	TCTTTTA	TA	frameshift_variant	HIGH	PROKKA_01334	PROKKA_01334
1340983	TCA	TA	frameshift_variant	HIGH	PROKKA_01334	PROKKA_01334
1386374	GAATACCAACGCAAACGTGACGAATGTC	GTTGC	frameshift_variant&missense_variant	HIGH	dinB_1	PROKKA_01373
1386405	CTAAAACGATAGACCAATTACATTTGAAATACGG	CAGAGTTCGAG	frameshift_variant&missense_variant	HIGH	dinB_1	PROKKA_01373
1386441	AAGGTATTGTGTCCA	AGAA	frameshift_variant&missense_variant	HIGH	dinB_1	PROKKA_01373
1386457	AGCAGTATCGTTTACAGAAGCAGGT	AAAAGT	frameshift_variant&missense_variant	HIGH	dinB_1	PROKKA_01373
1401677	AT	AATAAAT	frameshift_variant	HIGH	oppD_3	PROKKA_01389
1401797	AAGT	AT	frameshift_variant	HIGH	oppD_3	PROKKA_01389
1401810	TATT	TT	frameshift_variant	HIGH	oppD_3	PROKKA_01389
1401825	TCT	TT	frameshift_variant	HIGH	oppD_3	PROKKA_01389
1401838	AATT	AT	frameshift_variant	HIGH	oppD_3	PROKKA_01389
1401864	ACT	AT	frameshift_variant	HIGH	oppD_3	PROKKA_01389
1401874	AAGCCT	AGCT	frameshift_variant&missense_variant	HIGH	oppD_3	PROKKA_01389
1401995	ATAATA	AA	frameshift_variant	HIGH	oppD_3	PROKKA_01389
1402003	GACTCAATCTACTAACATTTTCCCCATCAAATTGGTACGAATCATACGTGCAGCTTAAATCAAATGGTAA	GTATGACCATA	frameshift_variant&missense_variant	HIGH	oppD_3	PROKKA_01389
1402099	AACTTTTTCCAGCGCCGCTCTCTCCAATCAAGGCATTAATCTCAATTGCAGTTC	ATCTAC	frameshift_variant&start_lost&missense_variant	HIGH	oppD_3	PROKKA_01389
1402160	AATGGTTACGAAAATGCATTAACTTTACTAATAATGCTTAAAATGCATAATGA	ATTTTCTCCATCA	frameshift_variant&stop_lost&splice_region_variant&synonymous_variant	HIGH	PROKKA_01390	PROKKA_01390
1402214	AATATAAAAATGAAAATAAAATATAATATTTCTCATCAAATTG	ATTGG	frameshift_variant&missense_variant	HIGH	PROKKA_01390	PROKKA_01390
1404090	TTTCCGTCGACATGTGCTACATCAAGATGTAATATTTATCG	TATCTTTGG	frameshift_variant&stop_lost&splice_region_variant&synonymous_variant	HIGH	PROKKA_01393	PROKKA_01393
1404132	TGCT	TT	frameshift_variant	HIGH	PROKKA_01393	PROKKA_01393
1404137	CTA	CA	frameshift_variant	HIGH	PROKKA_01393	PROKKA_01393
1404143	TGCCGAGCGGTATAG	TCATG	frameshift_variant&missense_variant	HIGH	PROKKA_01393	PROKKA_01393
1404159	TATGCATAACGACACTACTAATGTTGAAAA	TTACA	frameshift_variant&stop_gained	HIGH	PROKKA_01393	PROKKA_01393
1404260	TTCCTAAA	TCA	frameshift_variant&missense_variant	HIGH	PROKKA_01393	PROKKA_01393
1404275	GTAATAA	GA	frameshift_variant	HIGH	PROKKA_01393	PROKKA_01393
1404284	GATTCATCCAATGCCACCACT	GTAAGT	frameshift_variant&start_lost	HIGH	PROKKA_01393	PROKKA_01393
1404318	ATCAATTT	AAT	frameshift_variant&stop_lost&splice_region_variant	HIGH	PROKKA_01394	PROKKA_01394
1408597	AA	ACAA	frameshift_variant	HIGH	pstB3_2	PROKKA_01399
1408605	GGACCT	GACT	frameshift_variant&missense_variant	HIGH	pstB3_2	PROKKA_01399
1408628	TTTGGTTTTCA	TATCTAATTAATATA	frameshift_variant&stop_gained	HIGH	pstB3_2	PROKKA_01399
1408640	AAAA	ATTTTAATA	frameshift_variant&stop_gained&missense_variant	HIGH	pstB3_2	PROKKA_01399
1408647	TCT	TTTTCGCCAT	frameshift_variant&missense_variant	HIGH	pstB3_2	PROKKA_01399
1408651	CGAATT	CCATAAGTCT	frameshift_variant&missense_variant	HIGH	pstB3_2	PROKKA_01399
1408658	ATA	AA	frameshift_variant	HIGH	pstB3_2	PROKKA_01399
1409276	ACGCTGCTGGTAAGACAACACGTCTTATCGTTTGCCATTTATTAGCACCT	ATACCAGGT	frameshift_variant&start_lost&missense_variant	HIGH	pstA_1	PROKKA_01400
1409388	AATAATAATTGGTAATATCAGTAAGG	ACG	frameshift_variant&missense_variant	HIGH	pstA_2	PROKKA_01401
1409415	CATTGT	CT	frameshift_variant	HIGH	pstA_2	PROKKA_01401
1411633	AATCAT	ATCATTTTTTTTTACAGCATTTTTTTTTTTTTATTTTTTTTTTTTTT	frameshift_variant&stop_gained	HIGH	pstS_1	PROKKA_01403
1411652	CTCTAG	CAGCATATTTCTG	frameshift_variant&missense_variant	HIGH	pstS_1	PROKKA_01403
1411659	ACA	AA	frameshift_variant	HIGH	pstS_1	PROKKA_01403
1411663	TCACAATC	TTTTAACCACACCTTAC	stop_gained&conservative_inframe_insertion	HIGH	pstS_2	PROKKA_01404
1411672	AT	ACT	frameshift_variant	HIGH	pstS_2	PROKKA_01404
1413530	AATCAC	AC	frameshift_variant	HIGH	PROKKA_01406	PROKKA_01406
1413541	GG	GTG	frameshift_variant	HIGH	PROKKA_01406	PROKKA_01406
1424722	CA	CTCA	frameshift_variant	HIGH	lysA	PROKKA_01416
1440176	AC	AGCTCAC	frameshift_variant	HIGH	arlS	PROKKA_01431
1440297	CACC	CC	frameshift_variant	HIGH	arlR	PROKKA_01432
1443230	ACAATACATCAAA	AA	frameshift_variant	HIGH	murG	PROKKA_01435
1443244	ACAT	AT	frameshift_variant	HIGH	murG	PROKKA_01435
1443250	TACTTAA	TCA	frameshift_variant&missense_variant	HIGH	murG	PROKKA_01435
1443271	TCA	TA	frameshift_variant&start_lost	HIGH	murG	PROKKA_01435
1445843	GGC	GCGTTTC	frameshift_variant&missense_variant	HIGH	PROKKA_01437	PROKKA_01437
1445849	GT	GAATTAGT	stop_gained&conservative_inframe_insertion	HIGH	PROKKA_01437	PROKKA_01437
1445855	TT	TGGT	frameshift_variant	HIGH	PROKKA_01437	PROKKA_01437
1445863	GT	GCTTGT	frameshift_variant	HIGH	PROKKA_01437	PROKKA_01437
1445866	GA	GCA	frameshift_variant	HIGH	PROKKA_01437	PROKKA_01437
1445870	TA	TTCA	frameshift_variant	HIGH	PROKKA_01437	PROKKA_01437
1445873	CC	CGC	frameshift_variant	HIGH	PROKKA_01437	PROKKA_01437
1445877	TT	TCAT	frameshift_variant	HIGH	PROKKA_01437	PROKKA_01437
1446410	AA	ATA	frameshift_variant	HIGH	crr	PROKKA_01438
1446519	CGACGT	CACT	frameshift_variant&missense_variant	HIGH	crr	PROKKA_01438
1446557	AATCCT	ATCT	frameshift_variant&missense_variant	HIGH	crr	PROKKA_01438
1446613	CT	CGT	frameshift_variant	HIGH	crr	PROKKA_01438
1446640	TT	TGTT	frameshift_variant	HIGH	crr	PROKKA_01438
1447125	TTATCTACATAATCCT	TGTACTGCTTCGACATGGCCGGT	frameshift_variant&stop_lost&splice_region_variant	HIGH	msrA2	PROKKA_01439
1447143	GCATGA	GA	frameshift_variant	HIGH	msrA2	PROKKA_01439
1447151	CCAA	CGTACA	frameshift_variant&missense_variant	HIGH	msrA2	PROKKA_01439
1447157	CAT	CCTGT	frameshift_variant&missense_variant	HIGH	msrA2	PROKKA_01439
1447165	ATGGTG	AGTTG	frameshift_variant&missense_variant	HIGH	msrA2	PROKKA_01439
1447173	TCC	TGTCAAC	frameshift_variant&stop_gained&missense_variant	HIGH	msrA2	PROKKA_01439
1447178	GC	GAC	frameshift_variant	HIGH	msrA2	PROKKA_01439
1447183	CTTGT	CACTAT	frameshift_variant&stop_gained&missense_variant	HIGH	msrA2	PROKKA_01439
1447191	AATA	AGA	frameshift_variant&missense_variant	HIGH	msrA2	PROKKA_01439
1447219	TGAT	TT	frameshift_variant	HIGH	msrA2	PROKKA_01439
1447228	TGGT	TT	frameshift_variant	HIGH	msrA2	PROKKA_01439
1449846	TCTGATGCATTATATATTAACATATGCGATAACACTCAT	TTATTTTTTTTTTTT	start_lost&intron_variant	HIGH	thyA	PROKKA_01442
1450145	GTTAAATTTC	GCCGCATGTAGAGTTAATAAC	frameshift_variant&stop_lost&splice_region_variant	HIGH	PROKKA_01443	PROKKA_01443
1450183	TTAT	TCGCTCGT	frameshift_variant&missense_variant	HIGH	PROKKA_01443	PROKKA_01443
1450188	TAACA	TCTA	frameshift_variant&missense_variant	HIGH	PROKKA_01443	PROKKA_01443
1450194	ATAGAATACA	ACTTGTAAA	frameshift_variant&missense_variant	HIGH	PROKKA_01443	PROKKA_01443
1450205	CTATA	CCATTTTGAGTTAA	stop_gained&missense_variant&conservative_inframe_insertion	HIGH	PROKKA_01443	PROKKA_01443
1450220	TT	TGTTGCGCAATT	frameshift_variant	HIGH	PROKKA_01443	PROKKA_01443
1451257	AC	AAAC	frameshift_variant	HIGH	PROKKA_01444	PROKKA_01444
1495722	TT	TCATTT	frameshift_variant	HIGH	der_1	PROKKA_01460
1499236	ACAGGGTA	ATCGGACAA	frameshift_variant&missense_variant	HIGH	rlmL	PROKKA_01462
1499245	TTGGCACCT	TCAACAT	frameshift_variant&stop_gained&missense_variant	HIGH	rlmL	PROKKA_01462
1499257	TCA	TA	frameshift_variant	HIGH	rlmL	PROKKA_01462
1499272	TTTTCGTTATATGCGCGACGTA	TGATAA	frameshift_variant&missense_variant	HIGH	rlmL	PROKKA_01462
1499296	CGTTCA	CATTATA	frameshift_variant&stop_gained	HIGH	rlmL	PROKKA_01462
1499303	CAATAG	CCAAACG	frameshift_variant&missense_variant	HIGH	rlmL	PROKKA_01462
1499312	TCTTAGTTATCGCCTGACAA	TTTTCGATA	frameshift_variant&missense_variant	HIGH	rlmL	PROKKA_01462
1506088	CTTACT	CAACAGCTAATGAAGGTTCAT	stop_gained&stop_lost&conservative_inframe_insertion&splice_region_variant	HIGH	PROKKA_01471	PROKKA_01471
1506099	AAGTTTCT	ACACTCATGACTACATTAGCAGTTT	frameshift_variant&missense_variant	HIGH	PROKKA_01471	PROKKA_01471
1506109	CTCTCTTTTTTT	CGTCCTACACCTGCTAAACTTTCTAATTCCTTATGTGT	frameshift_variant&stop_gained&missense_variant	HIGH	PROKKA_01471	PROKKA_01471
1506122	TTTT	TGTGGTAT	frameshift_variant&missense_variant	HIGH	PROKKA_01471	PROKKA_01471
1506127	TTTTTTTTTTT	TCTCCATTAAATTGATCAATCAAAGATTGACAAAGT	frameshift_variant&stop_gained&missense_variant	HIGH	PROKKA_01471	PROKKA_01471
1506139	TTTTTTTTT	TCTTAATATTCTTAGCT	frameshift_variant&stop_gained	HIGH	PROKKA_01471	PROKKA_01471
1506173	TTT	TGTAT	frameshift_variant&missense_variant	HIGH	PROKKA_01471	PROKKA_01471
1506180	TTTTTTTTT	TAAACAGCTCAGTTGTTACTCTAT	stop_gained&missense_variant&conservative_inframe_insertion	HIGH	PROKKA_01471	PROKKA_01471
1506190	TTTTTTTTTTTTTTTTTTTT	TACTAGAACGTCTGTACATTGCGCTGACAATAATACAGCAATAGTTAATTCGAACGGATTATCATGT	frameshift_variant&stop_gained	HIGH	PROKKA_01471	PROKKA_01471
1506212	TTTTTTTTT	TAATTCACATTCTGCATCCGGAAACATAT	frameshift_variant&stop_gained	HIGH	PROKKA_01471	PROKKA_01471
1516200	TGCAGTT	TT	frameshift_variant	HIGH	PROKKA_01480	PROKKA_01480
1516237	GGAG	GAGATAAG	frameshift_variant&missense_variant	HIGH	PROKKA_01480	PROKKA_01480
1516257	TGGTG	TTTTAGGATCGTAATG	frameshift_variant&stop_gained	HIGH	PROKKA_01480	PROKKA_01480
1516267	TA	TTAA	frameshift_variant	HIGH	PROKKA_01480	PROKKA_01480
1516286	TT	TATT	frameshift_variant	HIGH	PROKKA_01480	PROKKA_01480
1516294	AGT	AT	frameshift_variant	HIGH	PROKKA_01480	PROKKA_01480
1516298	TGC	TC	frameshift_variant	HIGH	PROKKA_01480	PROKKA_01480
1516305	TAGTGAAA	TTA	frameshift_variant&stop_gained&missense_variant	HIGH	PROKKA_01480	PROKKA_01480
1516324	TTAGGATCG	TAATG	frameshift_variant&missense_variant	HIGH	PROKKA_01480	PROKKA_01480
1516336	TGACG	TATCTGTTAG	frameshift_variant&stop_gained&missense_variant	HIGH	PROKKA_01480	PROKKA_01480
1516346	TA	TCATAACA	stop_gained&disruptive_inframe_insertion	HIGH	PROKKA_01480	PROKKA_01480
1516356	TA	TCATAA	frameshift_variant&stop_gained	HIGH	PROKKA_01480	PROKKA_01480
1516382	AT	AACT	frameshift_variant	HIGH	PROKKA_01480	PROKKA_01480
1516387	CA	CGA	frameshift_variant	HIGH	PROKKA_01480	PROKKA_01480
1520119	GTACGA	GACA	frameshift_variant&missense_variant	HIGH	aroA_2	PROKKA_01485
1520127	ACA	AA	frameshift_variant	HIGH	aroA_2	PROKKA_01485
1520134	TCGCCAAGTAGT	TGCAATAT	frameshift_variant&missense_variant	HIGH	aroA_2	PROKKA_01485
1520148	CTTA	CA	frameshift_variant	HIGH	aroA_2	PROKKA_01485
1520164	TCAGTAGCGA	TAA	frameshift_variant&stop_gained	HIGH	aroA_2	PROKKA_01485
1520183	TGA	TA	frameshift_variant	HIGH	aroA_2	PROKKA_01485
1522547	GCTGAGTTAGG	GATTCTCATGAG	frameshift_variant&stop_gained	HIGH	aroC	PROKKA_01487
1523362	ATTCATATAACCATGCATCACGTGGTGAAGCATAGCTAGTAATTTCATTTTCATTAAACCATAGATTAA	AA	frameshift_variant	HIGH	ndk	PROKKA_01489
1525243	AAGAAT	AT	frameshift_variant	HIGH	ubiE	PROKKA_01491
1525285	CA	CTGAACA	frameshift_variant	HIGH	ubiE	PROKKA_01491
1530408	AT	ACT	frameshift_variant&stop_gained	HIGH	rpsA_1	PROKKA_01496
1530413	AA	AGA	frameshift_variant	HIGH	rpsA_1	PROKKA_01496
1530509	TTAG	TG	frameshift_variant&stop_lost&splice_region_variant	HIGH	rpsA_2	PROKKA_01497
1530514	GACATATC	GCAAGC	frameshift_variant&missense_variant	HIGH	rpsA_2	PROKKA_01497
1530555	TTGATGCGTAGA	TATTGCA	frameshift_variant&missense_variant	HIGH	rpsA_2	PROKKA_01497
1530568	AGTTGAC	ATC	frameshift_variant&missense_variant	HIGH	rpsA_2	PROKKA_01497
1531944	TGTTTGGTCAACTAGT	TTTTTT	frameshift_variant&missense_variant	HIGH	cmk_2	PROKKA_01499
1531962	TGC	TC	frameshift_variant	HIGH	cmk_2	PROKKA_01499
1531966	AAGTCCTCAG	ATTCG	frameshift_variant&missense_variant	HIGH	cmk_2	PROKKA_01499
1531979	TGT	TT	frameshift_variant	HIGH	cmk_2	PROKKA_01499
1531983	TAAT	TT	frameshift_variant	HIGH	cmk_2	PROKKA_01499
1532886	CGATGGTATGGTTATTGAAGCGTTAGGACAAGGCAACATACCTCCAAGCGCATTAGAAGGCATTCAACAATTAGTATCTTTAAATATACCTATGTACCATTAGTAAAAGCATATATGGGTATGCCAGGTGACATTTTTAGTTTTTATAGTCGTGAAGGTATCGA	CA	gene_fusion	HIGH	ansB&ansZ	PROKKA_01500&PROKKA_01501
1533067	CGTTAGGACAAGGCAACATACCTCCAAGCGCATTAGAAGGCATTCAA	CTTATGA	frameshift_variant&missense_variant	HIGH	ansZ	PROKKA_01501
1533165	GGTA	GA	frameshift_variant	HIGH	ansZ	PROKKA_01501
1533170	TGTGAGTCC	TC	frameshift_variant	HIGH	ansZ	PROKKA_01501
1533180	ACTTACGCATA	ATAA	frameshift_variant&missense_variant	HIGH	ansZ	PROKKA_01501
1533192	GATGGTGGTGGTTACCAACTCGCACAAC	GC	frameshift_variant	HIGH	ansZ	PROKKA_01501
1533225	TTTATTTTTTCTAACGGTTTGAATGGTCCAAAAGCAAGAT	TCAATGAAT	frameshift_variant&missense_variant	HIGH	ansZ	PROKKA_01501
1533266	AAAATTATT	ATTT	frameshift_variant&stop_gained	HIGH	ansZ	PROKKA_01501
1533278	TGC	TC	frameshift_variant	HIGH	ansZ	PROKKA_01501
1533296	AGA	AA	frameshift_variant	HIGH	ansZ	PROKKA_01501
1533322	TTGA	TA	frameshift_variant	HIGH	ansZ	PROKKA_01501
1536153	GTTT	GCTCCGTAT	frameshift_variant&missense_variant	HIGH	PROKKA_01504	PROKKA_01504
1536159	TTTTTTTTTTTTTTTTTT	TCTATTGTATCTGATGTTCTAATTCTGATTGTCT	frameshift_variant&stop_gained	HIGH	PROKKA_01504	PROKKA_01504
1536191	GTG	GG	frameshift_variant	HIGH	PROKKA_01504	PROKKA_01504
1536201	CTATCG	CATG	frameshift_variant&missense_variant	HIGH	PROKKA_01504	PROKKA_01504
1536209	TGCATCTTTTCAAA	TA	stop_gained&disruptive_inframe_deletion	HIGH	PROKKA_01504	PROKKA_01504
1538394	GT	GATTGGT	frameshift_variant	HIGH	PROKKA_01506	PROKKA_01506
1538436	CACTAATAGT	CTTGTATCTTATTATTT	frameshift_variant&stop_gained&missense_variant	HIGH	PROKKA_01506	PROKKA_01506
1538458	AA	ACA	frameshift_variant	HIGH	PROKKA_01506	PROKKA_01506
1538464	TGCCCATGCTTTCAA	TTTGGTATTAGACATGGTTTGCACTA	frameshift_variant&stop_gained&missense_variant	HIGH	PROKKA_01506	PROKKA_01506
1538480	TGTATA	TAGTTGAA	frameshift_variant&missense_variant	HIGH	PROKKA_01506	PROKKA_01506
1538487	TAAT	TGCTT	frameshift_variant&missense_variant	HIGH	PROKKA_01506	PROKKA_01506
1538493	ACA	AA	frameshift_variant&start_lost	HIGH	PROKKA_01506	PROKKA_01506
1548883	AC	ATTAAGCTGTCTC	frameshift_variant&stop_gained	HIGH	srrB_1	PROKKA_01516
1548933	ACT	AT	frameshift_variant	HIGH	srrB_1	PROKKA_01516
1549297	ACA	AA	frameshift_variant	HIGH	srrB_2	PROKKA_01517
1549322	ACT	AT	frameshift_variant	HIGH	srrB_2	PROKKA_01517
1549346	TTAA	TA	frameshift_variant	HIGH	srrB_2	PROKKA_01517
1552306	AAGGTAT	AT	frameshift_variant	HIGH	PROKKA_01522	PROKKA_01522
1552340	TTC	TCATTGC	frameshift_variant&stop_gained&missense_variant	HIGH	PROKKA_01522	PROKKA_01522
1552356	AT	ACT	frameshift_variant	HIGH	PROKKA_01522	PROKKA_01522
1552364	ATC	AC	frameshift_variant	HIGH	PROKKA_01522	PROKKA_01522
1552368	GATCTGCTAA	GCTCTTTAATGCTTGCATAGGTATCA	frameshift_variant&stop_gained&missense_variant	HIGH	PROKKA_01522	PROKKA_01522
1552379	AC	AATATC	frameshift_variant	HIGH	PROKKA_01522	PROKKA_01522
1552382	AGGTA	ATTTAAA	frameshift_variant&stop_gained	HIGH	PROKKA_01522	PROKKA_01522
1552389	CACT	CTTATAAGAT	stop_gained&conservative_inframe_insertion	HIGH	PROKKA_01522	PROKKA_01522
1552396	AA	ATAA	frameshift_variant	HIGH	PROKKA_01522	PROKKA_01522
1552406	TCA	TA	frameshift_variant	HIGH	PROKKA_01522	PROKKA_01522
1552518	GGTCCA	GTCA	frameshift_variant&missense_variant	HIGH	PROKKA_01523	PROKKA_01523
1561891	ATTGGTTGGATATGCACGATTTATAG	AGAAGAG	frameshift_variant&missense_variant	HIGH	marA	PROKKA_01534
1561919	ACTAAGTATTTGTCACATCCTTTTAATGT	AGATGATATT	frameshift_variant&stop_gained	HIGH	marA	PROKKA_01534
1561978	TGGTAAAATTAAAGAGTTACGA	TATGCA	frameshift_variant&missense_variant	HIGH	marA	PROKKA_01534
1562003	TATAATGACGTT	TTTAT	frameshift_variant&missense_variant	HIGH	marA	PROKKA_01534
1562016	GTCCATTTGAACTATTTGTTATTAGTTGTCCTCTTGAAAATGGTTTAGAAATATTTGTAGGTGTACCAAGTGA	GACACTA	stop_gained&missense_variant&disruptive_inframe_deletion	HIGH	marA	PROKKA_01534
1582399	TTTTTTTTTTTTTTTTTTTTTTTTTTTTTTTTTTTTTTTTTTTTTTTTTTTTTTTTTTTTTTTTTTTTTTTTTTTTTTA	TA	frameshift_variant	HIGH	PROKKA_01554	PROKKA_01554
1582518	TATCCTTCATTTCTAATTGAAATAAAGTTTGAAAAGCTTGCACTCGGGATT	TTACGACTCATAAT	frameshift_variant&stop_gained	HIGH	PROKKA_01554	PROKKA_01554
1582570	TTTACG	TG	frameshift_variant	HIGH	PROKKA_01554	PROKKA_01554
1582577	CTCATTTTT	CATAT	start_lost&intron_variant	HIGH	PROKKA_01554	PROKKA_01554
1582636	TGACATTACT	TAAATT	frameshift_variant&stop_lost&splice_region_variant&synonymous_variant	HIGH	PROKKA_01555	PROKKA_01555
1582658	TTTG	TCATCATCACG	frameshift_variant&missense_variant	HIGH	PROKKA_01555	PROKKA_01555
1582663	GTA	GA	frameshift_variant	HIGH	PROKKA_01555	PROKKA_01555
1582669	TGAATATTAATTTGCTTAGGT	TTAATTCAACTAGCT	stop_gained&disruptive_inframe_deletion	HIGH	PROKKA_01555	PROKKA_01555
1582708	GAAATTGAATTAAAA	GCAGGTGTATCACTGTGTA	frameshift_variant&stop_gained&missense_variant	HIGH	PROKKA_01555	PROKKA_01555
1582724	TTGACGT	TAT	frameshift_variant&missense_variant	HIGH	PROKKA_01555	PROKKA_01555
1582745	CAGTTTTTGA	CCATTCTTA	frameshift_variant&stop_gained&missense_variant	HIGH	PROKKA_01555	PROKKA_01555
1582858	TCTAAATTTGTTT	TACAGGTTCGTGAT	frameshift_variant&stop_gained	HIGH	PROKKA_01555	PROKKA_01555
1582874	TTAATTCAGCAA	TAACGCCAGA	frameshift_variant&missense_variant	HIGH	PROKKA_01555	PROKKA_01555
1582887	ATGG	ACTAG	frameshift_variant&stop_gained&missense_variant	HIGH	PROKKA_01555	PROKKA_01555
1582903	TCGACT	TATAAAT	frameshift_variant&stop_gained	HIGH	PROKKA_01555	PROKKA_01555
1582945	TCTGGC	TATC	frameshift_variant&stop_gained	HIGH	PROKKA_01555	PROKKA_01555
1582953	TA	TTCA	frameshift_variant	HIGH	PROKKA_01555	PROKKA_01555
1582958	C	A	stop_gained	HIGH	PROKKA_01555	PROKKA_01555
1582962	TTTAC	TGTC	frameshift_variant&missense_variant	HIGH	PROKKA_01555	PROKKA_01555
1582968	TAA	TTCA	frameshift_variant&stop_gained&missense_variant	HIGH	PROKKA_01555	PROKKA_01555
1582974	TG	CT	stop_gained	HIGH	PROKKA_01555	PROKKA_01555
1582988	CAGTTAC	CGGGATTC	frameshift_variant&missense_variant	HIGH	PROKKA_01555	PROKKA_01555
1582997	TG	TACG	frameshift_variant	HIGH	PROKKA_01555	PROKKA_01555
1583001	CATGGATTGACTCCTAT	CTCCTTCAAACGTTT	frameshift_variant&stop_lost&splice_region_variant&synonymous_variant	HIGH	cfiB_2	PROKKA_01556
1586580	TT	TAATTT	frameshift_variant	HIGH	PROKKA_01559	PROKKA_01559
1586637	TTT	TGTAT	frameshift_variant&missense_variant	HIGH	PROKKA_01559	PROKKA_01559
1586783	AACC	AC	frameshift_variant	HIGH	PROKKA_01560	PROKKA_01560
1590029	TC	TATC	frameshift_variant	HIGH	lipM	PROKKA_01564
1590651	TA	TTTTGAAAAGAATGGTATAGCTATA	frameshift_variant	HIGH	moeZ	PROKKA_01565
1607032	ACACCATAAACTT	AAAAT	frameshift_variant&missense_variant	HIGH	zur	PROKKA_01584
1607046	AAGTTTGTGTTTGTGAATATTAACACCAGGTAGTGATAACTTTATCTGATCTATTGGACAATAATCTATTACCTTTGTATCTCCACACTTTTCACAGATAAAAT	ATACGAACGGAGTAT	frameshift_variant&missense_variant	HIGH	zur	PROKKA_01584
1607151	ATGATGA	AAA	frameshift_variant&missense_variant	HIGH	zur	PROKKA_01584
1607178	TCTAAACTTCATTTCACCA	TA	frameshift_variant	HIGH	zur	PROKKA_01584
1607216	TAATCCCT	TTT	frameshift_variant&missense_variant	HIGH	zur	PROKKA_01584
1607226	ATCTTTAAATA	AAA	frameshift_variant&missense_variant	HIGH	zur	PROKKA_01584
1615215	AT	AACCGCCATACTCATCAT	frameshift_variant	HIGH	dnaG_2	PROKKA_01592
1618322	GTATGAGGAGAGGTAATTATGGCAAAAGATATGGATACAATTGTTTCATTAGCAAAACACAGAGGTTTTGTGTTCCCTGGTAGTGATATTTACGGTGGTTTATCAAACACATGGGATTATGGTCCTTTAGGTGTTGAATTAAAGAATAATGTTAAAAAAGCTTGGTGGC	GC	start_lost&conservative_inframe_deletion	HIGH	glyQS	PROKKA_01595
1622291	GAAC	GGACC	frameshift_variant&missense_variant	HIGH	PROKKA_01598	PROKKA_01598
1622306	AT	ACAT	frameshift_variant	HIGH	PROKKA_01598	PROKKA_01598
1622324	ACA	AA	frameshift_variant	HIGH	PROKKA_01598	PROKKA_01598
1622330	AGCTCAGCATCG	ATTATAG	frameshift_variant&missense_variant	HIGH	PROKKA_01598	PROKKA_01598
1622345	TCTATATGCTCTTCTTT	TTTTGATTAGAT	frameshift_variant&stop_gained&missense_variant	HIGH	PROKKA_01598	PROKKA_01598
1622364	TA	TCA	frameshift_variant	HIGH	PROKKA_01598	PROKKA_01598
1622367	CAAA	CCATCAATGAA	frameshift_variant&missense_variant	HIGH	PROKKA_01598	PROKKA_01598
1623143	CGCA	CA	frameshift_variant&start_lost	HIGH	ybeZ	PROKKA_01599
1623250	ATTGATTTCTATTCCATTTTTCTCTTTTTATTTTTATTTAA	ACTTCTTGTCCTCTTGCATGGATGA	frameshift_variant&stop_lost&splice_region_variant	HIGH	PROKKA_01600	PROKKA_01600
1623293	ACTTCTTGTTTATATGA	ATCGAAA	frameshift_variant&missense_variant	HIGH	PROKKA_01600	PROKKA_01600
1623933	GAATTATCTTGTCTAG	GTACG	frameshift_variant&missense_variant	HIGH	PROKKA_01601	PROKKA_01601
1623950	AGGTCTATG	ATCG	frameshift_variant&missense_variant	HIGH	PROKKA_01601	PROKKA_01601
1624050	ACAACAGGTTTCG	AAGTG	frameshift_variant&missense_variant	HIGH	PROKKA_01601	PROKKA_01601
1624094	TAAAGGTGGTAA	TTGA	frameshift_variant&missense_variant	HIGH	PROKKA_01601	PROKKA_01601
1624108	TATCATCATA	TCTAA	frameshift_variant&stop_gained	HIGH	PROKKA_01601	PROKKA_01601
1626607	AT	AGTAAAT	frameshift_variant	HIGH	mtaB	PROKKA_01604
1626611	TC	TGAAGCC	frameshift_variant	HIGH	mtaB	PROKKA_01604
1626618	ACAC	AACAAC	frameshift_variant&missense_variant	HIGH	mtaB	PROKKA_01604
1626626	CC	CAAAACC	frameshift_variant	HIGH	mtaB	PROKKA_01604
1626630	TTTTA	TATCTTTAA	frameshift_variant&stop_gained	HIGH	mtaB	PROKKA_01604
1626649	TA	TGAA	frameshift_variant	HIGH	mtaB	PROKKA_01604
1626655	AA	ATACTTAAA	frameshift_variant&stop_gained	HIGH	mtaB	PROKKA_01604
1629569	AA	ACA	frameshift_variant	HIGH	prmA_2	PROKKA_01607
1635661	AA	ATATTTATTGAAATCACAA	frameshift_variant	HIGH	hemN	PROKKA_01612
1635665	TTT	TGTACAT	frameshift_variant&missense_variant	HIGH	hemN	PROKKA_01612
1635672	TGTAT	TTACACTACATATGCATTAATATCTGTACT	frameshift_variant&stop_gained&missense_variant	HIGH	hemN	PROKKA_01612
1635704	ACA	AA	frameshift_variant	HIGH	hemN	PROKKA_01612
1638460	CTCACTTTTAGGAGGTGACAGAAATGGCAAAT	CGT	start_lost&conservative_inframe_deletion&synonymous_variant	HIGH	rpsT	PROKKA_01615
1638493	TCAAATCTGCAATTAAACGTGT	TTGAT	frameshift_variant&missense_variant	HIGH	rpsT	PROKKA_01615
1644080	TA	TGACCA	frameshift_variant&stop_lost&splice_region_variant	HIGH	rsfS	PROKKA_01621
1647697	TGT	TACAAACCAGGTT	frameshift_variant&missense_variant	HIGH	PROKKA_01627	PROKKA_01627
1647701	TCACTATTATTT	TTTTATCTTCAGATTGAAGTGGTGCACCACAACCGAACCGATACATTAAAT	stop_gained&conservative_inframe_insertion	HIGH	PROKKA_01627	PROKKA_01627
1647716	CGC	CAGTC	frameshift_variant&stop_gained	HIGH	PROKKA_01627	PROKKA_01627
1647723	CC	CATCCACGAC	frameshift_variant	HIGH	PROKKA_01627	PROKKA_01627
1647768	TA	TCTA	frameshift_variant&splice_region_variant	HIGH	PROKKA_01628	PROKKA_01628
1647979	AAGCCATCAGTTCGT	ATCGTCT	frameshift_variant&missense_variant	HIGH	PROKKA_01629	PROKKA_01629
1647995	TAACTGGAACAACCATA	TCAATTA	frameshift_variant&stop_gained	HIGH	PROKKA_01629	PROKKA_01629
1648013	TTGT	TCT	frameshift_variant&missense_variant	HIGH	PROKKA_01629	PROKKA_01629
1648035	ACACCAAATACATCAGTAAGCATTGGTCACCT	AGTAATAAAGCCATCAGTTCGTT	start_lost&intron_variant	HIGH	PROKKA_01629	PROKKA_01629
1648257	ACG	AG	frameshift_variant	HIGH	PROKKA_01630	PROKKA_01630
1648808	ACCAAAT	AT	frameshift_variant	HIGH	mtnN_2	PROKKA_01632
1648986	TG	TTAATATACTTTCTTATTTAATTTAAATGCACTAATTTCTATTG	stop_gained&conservative_inframe_insertion	HIGH	mtnN_2	PROKKA_01632
1649575	TACAATGGCTGAAAATAATCAAAATAGTCTCGTAACAAAGATAGCTACATACGGCAGTTTTATTGCAATTGCGTCGTTTGTCATTTTATTTATAAGTATATTTTTAAAGTTTTCATTTAATATCGAGTTTACAGCAACAATTATG	TG	frameshift_variant&stop_lost&splice_region_variant	HIGH	PROKKA_01633	PROKKA_01633
1650424	TCCCCCA	TACATTGCGTTTATTGTTTA	frameshift_variant&stop_gained&missense_variant	HIGH	entD	PROKKA_01635
1657800	CACTATGACCTTCTAAGTTTTTCATAATTTCGTTAGTTACAGTTGTTTTTCCTGAGCCAGATCCACCAGCTATGCCAATGATTGTAGTAGCTTTCATACCTTATTTTCTAAAGCGAAAATGCCTTCTACGATAATAACATCTTTAGGTTTAAAATCAATGGTAATGTCACTTCTTGTATGACTAGCATAATCATATGTCGGTACTTCTACTGCTTTACCATTTTTCAAGTCTTTAAGATTTTCAATTAATAAATCATTATCGAATGGATGCAATGGTCATATAGCTCGTCG	CCTATG	transcript_ablation&start_lost&splice_region_variant&synonymous_variant	HIGH	udk_2	PROKKA_01643
1659055	TGTTGAGTAGATAAATGAATTTCAAGTTTTGGCGCAACTTCTTTACATGTTTCGATAATTAAAGGATCTGCAACAATGATACCTGTCGCACCAGTCTTTTCCAAATTACGCAAATATGATTCTAGACCTTCAATATTCTCATCATGTGCAATAATATTTGTCGTAACATAAATTTTGGCACCGTAACGGTTC	TC	frameshift_variant	HIGH	yhbU_1	PROKKA_01644
1661963	CTGCGTGGAAT	CCAACCCATTATATCACTAATTGCAATTCCTACCGTTCTACTACCGACATCGAGTCCTAAAATTTT	frameshift_variant&stop_gained&missense_variant	HIGH	yrrK	PROKKA_01648
1661975	TACGCAGGTCACTGATAATA	TGTTGTAACATAAATTATTTATTTTGCTCTTTTAAATAGTAAGAAACAAGTTCTTCCATAATAACATCTCTATCAATATGACGAATTTGATTTCTTGCTTCATTCTGGCGTGGA	stop_gained&missense_variant	HIGH	yrrK	PROKKA_01648
1662169	GGCTTTAAATTATAGAT	GCTAATT	frameshift_variant&stop_lost&splice_region_variant&synonymous_variant	HIGH	alaS	PROKKA_01649
1668114	TTATTGTTTTTGGAAAAAGCGCTC	TGAACC	stop_lost&conservative_inframe_deletion&splice_region_variant	HIGH	PROKKA_01652	PROKKA_01652
1670998	CATAATCGTAATTGCCATCATCATCCATATACG	CCTCTTTTTAG	frameshift_variant&stop_lost&splice_region_variant&synonymous_variant	HIGH	iscS_2	PROKKA_01656
1671033	TCTTACT	TGTAT	frameshift_variant&missense_variant	HIGH	iscS_2	PROKKA_01656
1674944	GCCGTAAAAATAAGATTAAATCTACTTAAACAATTACCTTGATATTTTAGCTATA	GGCCGTAAAA	frameshift_variant&stop_gained&stop_lost&splice_region_variant	HIGH	rarA	PROKKA_01661
1683301	TA	TTAA	frameshift_variant	HIGH	relA	PROKKA_01667
1689066	CT	CAT	frameshift_variant	HIGH	PROKKA_01670	PROKKA_01670
1691546	TAACATT	TT	frameshift_variant	HIGH	queA_2	PROKKA_01673
1691607	CG	CTACTCG	frameshift_variant	HIGH	queA_2	PROKKA_01673
1699621	TG	TTACTTACGCCCAAATG	stop_gained&conservative_inframe_insertion	HIGH	PROKKA_01686	PROKKA_01686
1705342	TTGG	TG	frameshift_variant	HIGH	valS_2	PROKKA_01691
1705366	TGT	TT	frameshift_variant	HIGH	valS_2	PROKKA_01691
1705370	TCTT	TT	frameshift_variant	HIGH	valS_2	PROKKA_01691
1705382	TCT	TT	frameshift_variant	HIGH	valS_2	PROKKA_01691
1716048	AA	AGA	frameshift_variant	HIGH	PROKKA_01702	PROKKA_01702
1716052	TATAATACA	TTTTA	frameshift_variant&missense_variant	HIGH	PROKKA_01702	PROKKA_01702
1716063	TACAGCTA	TTTTTCTTGACCA	frameshift_variant&missense_variant	HIGH	PROKKA_01702	PROKKA_01702
1716073	ACTCT	AACATATTCGTT	frameshift_variant&missense_variant	HIGH	PROKKA_01702	PROKKA_01702
1716079	ACATATTCTA	AAATGATCCCA	frameshift_variant&missense_variant	HIGH	PROKKA_01702	PROKKA_01702
1716090	ATAC	AATTTCATTC	stop_gained&disruptive_inframe_insertion	HIGH	PROKKA_01702	PROKKA_01702
1716099	TCCTGTTA	TACATTCTGA	frameshift_variant&missense_variant	HIGH	PROKKA_01702	PROKKA_01702
1716108	AATTTTTTTTT	ATTTACTATTACTATTCCTTAAGT	frameshift_variant&missense_variant	HIGH	PROKKA_01702	PROKKA_01702
1717440	TCCAGGT	TAGCATCTTGATATAATGCTTCT	frameshift_variant&missense_variant	HIGH	tig_2	PROKKA_01704
1717448	CG	CACCAAAGCGTTG	frameshift_variant	HIGH	tig_2	PROKKA_01704
1717451	TA	TCAAAA	frameshift_variant	HIGH	tig_2	PROKKA_01704
1717461	AAC	ACGGAATC	frameshift_variant&missense_variant	HIGH	tig_2	PROKKA_01704
1722084	GTA	GA	frameshift_variant	HIGH	lysP_2	PROKKA_01710
1724272	AT	ACAT	frameshift_variant	HIGH	thrS_2	PROKKA_01712
1724291	AACAGC	AC	frameshift_variant	HIGH	thrS_2	PROKKA_01712
1724309	TCCAGGACTAAT	TTAT	frameshift_variant&stop_gained	HIGH	thrS_2	PROKKA_01712
1727166	AAAATCTT	ATCAACATGTCCATCT	frameshift_variant&missense_variant	HIGH	nrdR	PROKKA_01715
1732907	GGCGTT	GT	frameshift_variant	HIGH	polA_2	PROKKA_01720
1732964	TT	TATTT	stop_gained&conservative_inframe_insertion	HIGH	polA_2	PROKKA_01720
1740021	ACT	AT	frameshift_variant	HIGH	citZ	PROKKA_01726
1740041	CAGGATGG	CGAG	frameshift_variant&missense_variant	HIGH	citZ	PROKKA_01726
1740074	TTCC	TC	frameshift_variant	HIGH	citZ	PROKKA_01726
1740086	TGA	TA	frameshift_variant	HIGH	citZ	PROKKA_01726
1740091	AAGC	AC	frameshift_variant	HIGH	citZ	PROKKA_01726
1740099	CTTCGTTTGG	CGTGCATG	frameshift_variant&missense_variant	HIGH	citZ	PROKKA_01726
1754978	TTAACCAAGC	TAAAC	frameshift_variant&missense_variant	HIGH	nrnA_3	PROKKA_01737
1754989	AGT	AT	frameshift_variant	HIGH	nrnA_3	PROKKA_01737
1755347	CCTATTTTCTCTGCTAAGTTCCT	CT	frameshift_variant&stop_lost&splice_region_variant	HIGH	PROKKA_01738	PROKKA_01738
1760980	ACAAAAATATTTTA	AA	stop_gained&disruptive_inframe_deletion	HIGH	PROKKA_01743	PROKKA_01743
1767459	TGGT	TT	frameshift_variant	HIGH	PROKKA_01750	PROKKA_01750
1767474	TT	TGTT	frameshift_variant	HIGH	PROKKA_01750	PROKKA_01750
1767477	TT	TAGTAAT	frameshift_variant	HIGH	PROKKA_01750	PROKKA_01750
1767484	TCATTGCATT	TGCCTGCAAACCAGCTTTATGCGGACT	frameshift_variant&missense_variant	HIGH	PROKKA_01750	PROKKA_01750
1767496	TTTTTGCT	TCGGATTATAATACAT	frameshift_variant&missense_variant	HIGH	PROKKA_01750	PROKKA_01750
1767505	GT	GAT	frameshift_variant	HIGH	PROKKA_01750	PROKKA_01750
1767514	ATTGATTTGCCTGC	AATAAGTATCTAACACTTCTTC	frameshift_variant&stop_gained&missense_variant	HIGH	PROKKA_01750	PROKKA_01750
1767530	ACCAGCTT	ATGCTTTCGTCGTTGCCGCAT	frameshift_variant&missense_variant	HIGH	PROKKA_01750	PROKKA_01750
1767540	TGCGGACT	TCTAGAT	frameshift_variant&stop_gained&missense_variant	HIGH	PROKKA_01750	PROKKA_01750
1767549	TTCGGATTATA	TATCAAAATAAACACTTCTCTTTCATTA	frameshift_variant&stop_gained	HIGH	PROKKA_01750	PROKKA_01750
1767561	TAC	TC	frameshift_variant	HIGH	PROKKA_01750	PROKKA_01750
1767565	TTGA	TCAATCGTTAAAA	stop_gained&missense_variant&conservative_inframe_insertion	HIGH	PROKKA_01750	PROKKA_01750
1767571	GA	GTTTTACTCAAGCA	stop_gained&conservative_inframe_insertion	HIGH	PROKKA_01750	PROKKA_01750
1767574	TT	TAT	frameshift_variant	HIGH	PROKKA_01750	PROKKA_01750
1767578	TTTTA	TATTATCCGACAAAA	frameshift_variant&missense_variant	HIGH	PROKKA_01750	PROKKA_01750
1767587	AGTATCT	AAGGTTATAGCGCCAAAT	frameshift_variant&missense_variant	HIGH	PROKKA_01750	PROKKA_01750
1767595	ACACTTCTTCA	ATCTTATTTCTACTTATTA	frameshift_variant&stop_gained&missense_variant	HIGH	PROKKA_01750	PROKKA_01750
1767608	TGCTT	TAAGAATTAGACTATT	frameshift_variant&stop_gained&missense_variant	HIGH	PROKKA_01750	PROKKA_01750
1767614	CGTCGTTGCCGCA	CACTCTATTTAAACAGCTGTGTGA	frameshift_variant&stop_gained&missense_variant	HIGH	PROKKA_01750	PROKKA_01750
1767630	TC	TGCTTTTTTCAC	frameshift_variant	HIGH	PROKKA_01750	PROKKA_01750
1767633	AGA	ACTTA	frameshift_variant&stop_gained	HIGH	PROKKA_01750	PROKKA_01750
1767638	TATC	TTAATTAAAAC	frameshift_variant&stop_gained	HIGH	PROKKA_01750	PROKKA_01750
1767643	AAATAAACACTTCTC	ACACATTTGATTACGTTTATCTTTAAACAATTGCTATTTATATTTATTGTCCC	frameshift_variant&stop_gained	HIGH	PROKKA_01750	PROKKA_01750
1767668	CATC	CCATATAAAAAAGAAGCTAGAC	start_lost	HIGH	PROKKA_01750	PROKKA_01750
1769230	CCTT	CT	frameshift_variant	HIGH	ezrA_2	PROKKA_01752
1769251	TCGTTT	TT	frameshift_variant	HIGH	ezrA_2	PROKKA_01752
1769263	CACC	CC	frameshift_variant	HIGH	ezrA_2	PROKKA_01752
1769269	TTAAATTCAAC	TAATCC	frameshift_variant&missense_variant	HIGH	ezrA_2	PROKKA_01752
1769283	GATA	ATTT	stop_gained	HIGH	ezrA_2	PROKKA_01752
1771671	TT	TCT	frameshift_variant	HIGH	PROKKA_01756	PROKKA_01756
1778690	TGCGTA	TA	frameshift_variant	HIGH	PROKKA_01763	PROKKA_01763
1778698	AGT	AT	frameshift_variant	HIGH	PROKKA_01763	PROKKA_01763
1778703	CGACATATTTACT	CCTAGAT	stop_gained&conservative_inframe_deletion	HIGH	PROKKA_01763	PROKKA_01763
1778727	TA	TGA	frameshift_variant	HIGH	PROKKA_01763	PROKKA_01763
1778730	TATCT	TTTGACATT	frameshift_variant&missense_variant	HIGH	PROKKA_01763	PROKKA_01763
1778743	TACGT	TCTT	frameshift_variant&stop_gained	HIGH	PROKKA_01763	PROKKA_01763
1778763	TT	TAT	frameshift_variant	HIGH	PROKKA_01763	PROKKA_01763
1778770	TAAA	TTAGA	frameshift_variant&stop_gained	HIGH	PROKKA_01763	PROKKA_01763
1778784	AA	ATA	frameshift_variant	HIGH	PROKKA_01763	PROKKA_01763
1778954	TATAAATCATATAATGGAGGTTAAGTATGTCAGATTTTAATCATACAGATCATTCTACAACAAACCATAGCCAAACACCTAGATACAGAAGACCTAAATTTCCATGGTTTAAAACAGTCATCGTTGCATTGATTGCTGGAATTATT	TT	frameshift_variant&start_lost	HIGH	htrA	PROKKA_01764
1781442	ACCTACAGATTAACGTCACTTGTCT	ATCATATGTATTCTTGATCCAGTATCAT	stop_gained&stop_lost&conservative_inframe_insertion&splice_region_variant	HIGH	tyrS_2	PROKKA_01766
1781468	TAT	TT	frameshift_variant	HIGH	tyrS_2	PROKKA_01766
1781474	ATA	TTT	stop_gained	HIGH	tyrS_2	PROKKA_01766
1781479	TCT	TT	frameshift_variant	HIGH	tyrS_2	PROKKA_01766
1781511	AATAAG	ATAG	frameshift_variant&missense_variant	HIGH	tyrS_2	PROKKA_01766
1787638	TCTGAAATACCT	TTAT	frameshift_variant&stop_gained&missense_variant	HIGH	fhs_2	PROKKA_01770
1787657	CAG	CG	frameshift_variant	HIGH	fhs_2	PROKKA_01770
1787663	TATC	TC	frameshift_variant	HIGH	fhs_2	PROKKA_01770
1787668	TTAATTG	TATG	stop_gained&disruptive_inframe_deletion	HIGH	fhs_2	PROKKA_01770
1787676	TTGTAGTGTTGA	TA	frameshift_variant	HIGH	fhs_2	PROKKA_01770
1788961	CACACC	CC	frameshift_variant	HIGH	acsA_2	PROKKA_01772
1788979	CTTCTTGTA	CCA	stop_gained&missense_variant&disruptive_inframe_deletion	HIGH	acsA_2	PROKKA_01772
1789000	ATTTTCCAGAAATA	ACA	frameshift_variant&missense_variant	HIGH	acsA_2	PROKKA_01772
1789015	AGTGCACTAAC	AACC	frameshift_variant&missense_variant	HIGH	acsA_2	PROKKA_01772
1789041	TG	TTGAACATG	frameshift_variant	HIGH	acsA_2	PROKKA_01772
1792526	AT	AATTTAT	frameshift_variant	HIGH	ccpA	PROKKA_01775
1792662	AT	AAACGCTTAATGACTTCGT	frameshift_variant&start_lost	HIGH	ccpA	PROKKA_01775
1796425	TG	TCCATTG	frameshift_variant	HIGH	PROKKA_01778	PROKKA_01778
1796583	CATA	CTCAGTTAAA	start_lost	HIGH	PROKKA_01778	PROKKA_01778
1796644	TCTAA	TA	stop_lost&conservative_inframe_deletion&splice_region_variant	HIGH	PROKKA_01779	PROKKA_01779
1801793	AGCTACGTCATAGACGG	ATTTCATTTTTAGCAGTATGATCTG	frameshift_variant&stop_lost&splice_region_variant	HIGH	PROKKA_01782	PROKKA_01782
1801814	TTTTCCCCCTCGGACGACT	TCATTCTAT	frameshift_variant&missense_variant	HIGH	PROKKA_01782	PROKKA_01782
1801834	TAAATATCATTA	TTTTGTGA	frameshift_variant&missense_variant	HIGH	PROKKA_01782	PROKKA_01782
1801847	TT	TCTTTT	frameshift_variant	HIGH	PROKKA_01782	PROKKA_01782
1801851	AGGCAGTAATGAGTCATGATCGT	ACGTTATTTCT	stop_gained&disruptive_inframe_deletion	HIGH	PROKKA_01782	PROKKA_01782
1803557	AGCACCTTGTTTTAATATTCA	AACAGAGAAA	stop_lost&conservative_inframe_deletion&splice_region_variant&synonymous_variant	HIGH	PROKKA_01785	PROKKA_01785
1803579	ATTTT	ACGAGTATTACCCGT	frameshift_variant&missense_variant	HIGH	PROKKA_01785	PROKKA_01785
1803588	TTTTTTTTTTTTTTTTTT	TATCTAATTACATTATAAATATTATTGTTAATTAT	frameshift_variant&stop_gained	HIGH	PROKKA_01785	PROKKA_01785
1803608	TT	TCT	frameshift_variant	HIGH	PROKKA_01785	PROKKA_01785
1803624	TTTTTTTT	TATTAAAACTTAATAATAT	frameshift_variant&stop_gained	HIGH	PROKKA_01785	PROKKA_01785
1803634	TTTTT	TCATACAATATAT	frameshift_variant&missense_variant	HIGH	PROKKA_01785	PROKKA_01785
1803640	TTTTTTTTTT	TATCACTTACTATAGTAACATAGATAT	frameshift_variant&stop_gained&missense_variant	HIGH	PROKKA_01785	PROKKA_01785
1803652	TTTTTACTG	TAATTCG	frameshift_variant&missense_variant	HIGH	PROKKA_01785	PROKKA_01785
1803662	AGCACCT	AT	frameshift_variant	HIGH	PROKKA_01785	PROKKA_01785
1803673	TTAAAGA	TA	frameshift_variant	HIGH	PROKKA_01785	PROKKA_01785
1803681	TCAAATTGTT	TACTCTACCCGTCT	frameshift_variant&stop_gained	HIGH	PROKKA_01785	PROKKA_01785
1803695	TGATTCAAG	TCTGACTG	frameshift_variant&missense_variant	HIGH	PROKKA_01785	PROKKA_01785
1804644	ACCATAT	AT	frameshift_variant	HIGH	pepA_3	PROKKA_01787
1806104	TTCA	TA	frameshift_variant	HIGH	ytnP	PROKKA_01789
1806113	ATTGTATTGCTTTGACCA	AGTTCGAA	frameshift_variant&missense_variant	HIGH	ytnP	PROKKA_01789
1806133	ACGGCTTCGGAACAAAACCAACACCCAAACA	AACATTGACCATCCA	frameshift_variant&start_lost&missense_variant	HIGH	ytnP	PROKKA_01789
1811588	TTAGAAACATGTTTGTTTGGACTCATTAATTCATGATTAAAATCACCATCATTCGTTATCAATAAAAGCCCTTCTGTATCTTTA	TA	frameshift_variant	HIGH	rsuA	PROKKA_01795
1813329	GCCAAGA	GA	frameshift_variant	HIGH	ytgP_3	PROKKA_01797
1813395	AC	AACTGAC	frameshift_variant	HIGH	ytgP_3	PROKKA_01797
1826295	AGT	AT	frameshift_variant	HIGH	mdtH	PROKKA_01802
1826303	TTAA	TA	frameshift_variant	HIGH	mdtH	PROKKA_01802
1826362	ATAA	AA	frameshift_variant	HIGH	mdtH	PROKKA_01802
1826371	CCAA	CA	frameshift_variant	HIGH	mdtH	PROKKA_01802
1826378	AATT	AT	frameshift_variant	HIGH	mdtH	PROKKA_01802
1829819	ACATAAG	AG	frameshift_variant	HIGH	ytpA_2	PROKKA_01807
1834560	TA	TGACTA	frameshift_variant	HIGH	ribD	PROKKA_01812
1834599	TACC	TC	frameshift_variant	HIGH	ribD	PROKKA_01812
1837542	GGTGAATGCTAATGATGACAACTTTAGCGACACTCATTTTTCTAGTAACTTTATTATTTGTATTATGGCAACCTAAAGGCCTAGATATTGGCATTACCGCA	GTGA	frameshift_variant&start_lost&synonymous_variant	HIGH	arsB	PROKKA_01815
1841469	GC	GTTTAGC	frameshift_variant	HIGH	PROKKA_01819	PROKKA_01819
1843144	CCTATGAGGGTTTAAATATATTTATATATT	CT	frameshift_variant&stop_lost&splice_region_variant	HIGH	PROKKA_01822	PROKKA_01822
1843613	ATAGGAA	AA	frameshift_variant	HIGH	PROKKA_01823	PROKKA_01823
1843646	TGTT	TT	frameshift_variant	HIGH	PROKKA_01823	PROKKA_01823
1843661	GCT	GT	frameshift_variant	HIGH	PROKKA_01823	PROKKA_01823
1843679	TC	TAGTTTC	frameshift_variant	HIGH	PROKKA_01823	PROKKA_01823
1848980	GCA	GA	frameshift_variant&start_lost	HIGH	metK	PROKKA_01830
1855272	TGA	TAGCCAA	frameshift_variant&missense_variant	HIGH	menE	PROKKA_01836
1855277	GG	GACTCG	frameshift_variant	HIGH	menE	PROKKA_01836
1855280	TG	TTCACAGTATAAATTTTG	frameshift_variant	HIGH	menE	PROKKA_01836
1855283	TCGCCATA	TAAGTATAAGATTCTTGACCGTCTGTTATCGCA	frameshift_variant&missense_variant	HIGH	menE	PROKKA_01836
1877022	AA	ACGAATGAATTGATGATACTTATTTTTCAA	frameshift_variant&stop_gained	HIGH	splA_1	PROKKA_01862
1877473	TTAA	TA	frameshift_variant&stop_lost&splice_region_variant	HIGH	splA_2	PROKKA_01863
1877503	TACGTGGATTGTATTTT	TTACATGTT	frameshift_variant&stop_gained	HIGH	splA_2	PROKKA_01863
1877524	AACAAC	AC	frameshift_variant	HIGH	splA_2	PROKKA_01863
1877551	TGC	TC	frameshift_variant	HIGH	splA_2	PROKKA_01863
1883507	TGAATTA	TA	frameshift_variant	HIGH	lukEv_2	PROKKA_01871
1883571	AA	AGCAAA	frameshift_variant	HIGH	lukEv_2	PROKKA_01871
1894460	TCA	TA	frameshift_variant&start_lost	HIGH	hemY	PROKKA_01888
1895281	ACCGTGATTGCTTCAGTAATGCCATCATTGTGCATTTGTTCAACCGCATCTTCGATAAATGGTGAAATGTGTTTTAAT	AT	frameshift_variant	HIGH	hemH	PROKKA_01889
1896522	TCTGGTA	TA	frameshift_variant	HIGH	hemE_2	PROKKA_01891
1897234	AGA	AA	frameshift_variant	HIGH	traP	PROKKA_01892
1897238	TTTAAGCAATCTGATGCCTTTAATGACCATTTTTCAAAA	TGATTAGTGTA	frameshift_variant&stop_gained	HIGH	traP	PROKKA_01892
1897280	GCATTAAGTCATTACT	GATAAT	frameshift_variant&stop_lost&splice_region_variant	HIGH	traP	PROKKA_01892
1899201	AA	ATAA	frameshift_variant	HIGH	ecsA	PROKKA_01894
1899245	TAT	TTCCT	frameshift_variant&missense_variant	HIGH	ecsA	PROKKA_01894
1899249	TGAA	TA	frameshift_variant	HIGH	ecsA	PROKKA_01894
1899254	TTGAT	TGT	frameshift_variant&missense_variant	HIGH	ecsA	PROKKA_01894
1899260	AGATCCAT	ATCT	frameshift_variant&missense_variant	HIGH	ecsA	PROKKA_01894
1899273	CATCCAATATAGTCCATTAGC	CTTCATTAAGGTAC	start_lost&intron_variant	HIGH	ecsA	PROKKA_01894
1907853	GAACGT	GT	frameshift_variant	HIGH	yhaO_1	PROKKA_01901
1907879	AATT	AT	frameshift_variant	HIGH	yhaO_2	PROKKA_01902
1907891	TAATGT	TT	frameshift_variant	HIGH	yhaO_2	PROKKA_01902
1907899	TGTTTT	TT	frameshift_variant	HIGH	yhaO_2	PROKKA_01902
1907906	ACTATCAA	AATA	frameshift_variant&missense_variant	HIGH	yhaO_2	PROKKA_01902
1914553	GA	GGATAATAACTTGTAGTCTTTTTCAACTGCGTTACGTGTATCTATGGACAATACATGACATCATAAGATTTTTATCACAGGTTGTTTGGCCAATACATGTACAACAATTCATCATATAAAAAATAGGTTCTATAATAAAACGGACTCCATGAAAAGTTTTTCCTTTTCATGGCTCTATATCAAATCGGACTTATAAGTTCAATTTGACATAGACAAAAATAAAGCTTGAACACTATAATGCCCAAACTTTATTTTATATTAATATTTAATTAATGA	frameshift_variant&stop_gained	HIGH	fumC	PROKKA_01909
1915742	TCGGCTTA	TTTTCCTAAATCAAA	frameshift_variant&stop_gained&missense_variant	HIGH	fumC	PROKKA_01909
1915752	TTTCTCC	TAGCTAATGCTGCTGC	stop_gained&conservative_inframe_insertion	HIGH	fumC	PROKKA_01909
1915760	CATTC	CGCTTTAGTTGTGC	start_lost	HIGH	fumC	PROKKA_01909
1917823	GGCGATATTAATATTATTATACCTAATTTCACTATATCAACATTTAAGTTTAACATGCTTATACTCTAATATAGCATTAAGCATCATTTTATAATGAAATGAGTAATTTAATTCATCCGAATTTTGACGTAGCT	GCGAT	frameshift_variant&stop_lost&splice_region_variant&synonymous_variant	HIGH	PROKKA_01914	PROKKA_01914
1917958	TAATAACCGCAGTATTTGA	TTTA	stop_gained&conservative_inframe_deletion	HIGH	PROKKA_01914	PROKKA_01914
1917978	AAAT	AT	frameshift_variant	HIGH	PROKKA_01914	PROKKA_01914
1917996	TGTTCA	TTTA	frameshift_variant&missense_variant	HIGH	PROKKA_01914	PROKKA_01914
1918003	TCATAGGAATTCTTAATGCTGTGTCTTG	TAATCACTG	frameshift_variant&stop_gained&missense_variant	HIGH	PROKKA_01914	PROKKA_01914
1921531	TT	TATTTTT	frameshift_variant	HIGH	artQ	PROKKA_01917
1923204	AGCGGTTAAATATTATAGAAAACATCAAAGGATGTTAAGAAATACAATTTATTACCCAGCATTTAATAAT	AT	frameshift_variant	HIGH	PROKKA_01918	PROKKA_01918
1924390	TCA	TA	frameshift_variant	HIGH	PROKKA_01919	PROKKA_01919
1924412	AGCAGCACCTGCGCC	AAATC	frameshift_variant&missense_variant	HIGH	PROKKA_01919	PROKKA_01919
1924428	TTAA	TA	frameshift_variant	HIGH	PROKKA_01919	PROKKA_01919
1924433	TTTAAATT	TAT	frameshift_variant&missense_variant	HIGH	PROKKA_01919	PROKKA_01919
1924442	ATGAGCAGC	AATATCAC	frameshift_variant&missense_variant	HIGH	PROKKA_01919	PROKKA_01919
1924453	AAACCCCAATAA	ACTGA	frameshift_variant&missense_variant	HIGH	PROKKA_01919	PROKKA_01919
1924466	AAATGCCAT	ACTATCT	frameshift_variant&stop_gained&missense_variant	HIGH	PROKKA_01919	PROKKA_01919
1924494	ACTAACTGATACGTTAAT	ATTATAT	frameshift_variant&missense_variant	HIGH	PROKKA_01919	PROKKA_01919
1924521	TCA	TA	frameshift_variant	HIGH	PROKKA_01919	PROKKA_01919
1949687	TTACAA	TA	frameshift_variant	HIGH	queE_2	PROKKA_01968
1992212	AATT	AT	frameshift_variant	HIGH	pheA	PROKKA_02008
2364321	TG	TAAAACTGCG	frameshift_variant	HIGH	malP_2	PROKKA_02406
2694218	AATCG	ATG	frameshift_variant&missense_variant	HIGH	PROKKA_02705	PROKKA_02705
2694230	AGT	AT	frameshift_variant	HIGH	PROKKA_02705	PROKKA_02705
2694236	AGTCGCTGT	AT	frameshift_variant	HIGH	PROKKA_02705	PROKKA_02705
2694257	CACTGTCTGAGTC	CGC	frameshift_variant&missense_variant	HIGH	PROKKA_02705	PROKKA_02705
2694271	GAATCGCTAT	GT	frameshift_variant	HIGH	PROKKA_02705	PROKKA_02705
2694326	AGT	AT	frameshift_variant	HIGH	PROKKA_02705	PROKKA_02705
2694441	GT	GAT	frameshift_variant&stop_gained	HIGH	PROKKA_02705	PROKKA_02705
2694456	GCTGT	GACTAT	frameshift_variant&stop_gained&missense_variant	HIGH	PROKKA_02705	PROKKA_02705
2694475	CTA	CCTGA	frameshift_variant&missense_variant	HIGH	PROKKA_02705	PROKKA_02705
2694965	GC	GGTTCTGGGTCAACC	frameshift_variant	HIGH	clfB	PROKKA_02706
